actual_masco_code,231109,242321,242323,243110,243121,243135,243136,251201,252403,252416,254302,254309,254316,283302,283303,412107,422207,431110,431118
231109,1,0,0,0,0,0,1,1,0,0,0,0,0,1,1,0,0,0,0
242321,0,0,0,0,0,0,0,0,0,0,0,0,0,2,0,0,0,1,0
242323,0,0,0,0,0,0,0,0,0,2,0,0,0,0,0,0,0,0,0
243110,0,0,0,0,0,0,0,0,0,0,0,0,0,0,0,0,0,1,0
243121,0,0,0,0,2,0,0,0,0,0,0,0,1,0,0,0,0,0,0
243135,0,0,0,0,0,1,0,0,0,0,1,0,2,1,0,0,0,0,0
243136,0,0,0,0,0,0,0,0,0,0,0,0,1,1,0,0,0,0,0
251201,0,0,0,0,0,0,0,0,0,0,0,0,0,0,0,0,0,0,0
252403,0,0,1,0,0,0,0,0,0,0,0,0,0,0,0,0,0,0,0
252416,0,0,0,0,0,0,0,0,0,0,0,0,0,0,0,0,0,0,0
254302,0,0,0,0,0,0,0,0,0,0,4,0,0,0,0,0,0,0,0
254309,0,0,0,0,0,0,0,0,0,0,0,0,0,0,0,0,0,0,0
254316,0,0,1,0,0,0,0,0,0,1,0,0,0,0,0,0,0,0,0
283302,0,0,0,0,1,0,0,0,0,0,0,0,0,0,0,0,0,0,0
283303,0,0,0,0,0,0,0,0,1,0,0,1,0,0,0,0,0,0,0
412107,1,0,0,0,2,0,1,2,0,0,0,1,0,0,0,0,0,0,1
422207,1,0,0,0,0,0,0,0,0,0,0,0,0,0,0,0,0,1,0
431110,0,0,0,0,0,0,2,0,0,0,0,0,0,0,0,0,0,1,0
431118,0,1,0,0,0,0,0,0,0,0,0,0,0,0,0,0,0,0,0
