masco_code,role_title,train_examples,embedding_model,centroid_embedding_384
231109,Tutor,39,sentence-transformers/all-MiniLM-L6-v2,"[-0.0064639,0.0124753,0.0375155,0.0579265,-0.1077676,0.0081307,-0.1047905,0.012203,-0.0893937,-0.0034646,-0.0070718,-0.046723,0.0128178,0.0202504,-0.0410726,0.0131639,0.0292058,-0.0700824,0.0463512,-0.0685854,0.0340532,-0.0146326,0.0033093,-0.0280924,-0.0229005,6.44e-05,0.0514316,-0.0690843,-0.0208558,-0.005531,0.0196096,-0.0357228,0.0611798,0.0596056,0.0660083,0.0864381,0.0352751,0.0427623,0.0040579,-0.0262754,-0.0219937,-0.054892,-0.0299889,-0.0357298,0.0198605,-0.0460159,0.0022825,-0.1097296,-0.0404551,-0.0116781,-0.0472236,-0.0863737,0.0514459,-0.0247302,-0.0082322,0.0298969,-0.0437603,0.0299529,-0.0418099,0.053991,-0.0590431,0.0736635,-0.0719472,0.0023331,-0.0049703,-0.0701395,-0.0584088,0.0687936,0.0265701,-0.0379915,0.0199663,-0.0209847,-0.078894,0.0309178,0.0675303,-0.0580112,0.0496266,0.0286592,0.0512294,-0.1264731,-0.0282923,0.007804,0.0054823,0.0622996,-0.0921091,-0.035312,-0.046142,0.0426767,0.0088468,0.0053866,0.0554408,-0.0815931,-0.0229064,0.0157229,0.0196744,0.0175265,-0.0557861,-0.0098804,0.036933,0.0138498,-0.0403195,-0.0533641,-0.0496524,0.0477205,-0.0693665,0.0678374,0.0271157,0.0398426,-0.0490675,-0.0004903,0.0086343,0.0158776,-0.0909446,0.0107668,0.0249688,0.0886461,-0.0546345,0.0130069,0.0865119,0.0166817,0.0333012,0.0544173,-0.0144339,-0.0622414,-0.0725778,-0.0291846,0.0489513,0.0,0.0150131,0.0545213,-0.0313293,0.1183526,-0.0252888,0.020519,0.0494366,0.0181379,0.0256159,0.0626723,0.0946868,0.0355862,-0.0361124,-0.0536638,0.007965,0.0492023,0.0204034,0.0628864,0.024524,0.0373839,-0.0041825,0.0046836,-0.0130464,0.051902,0.0632028,-0.0141571,-0.02655,0.0240948,0.0772965,-0.0006549,0.0603269,-0.0079023,-0.0909265,-0.0602364,0.0196204,0.0190958,0.0367934,-0.041937,0.0177796,-0.0312081,-0.0263143,-0.0328699,0.0853328,0.0267011,-0.0179713,-0.0134933,0.0728625,-0.0042258,0.0860977,0.1120641,-0.0216338,-0.0862175,-0.0629443,-0.0037301,0.0485124,0.0695856,0.0366946,0.047707,-0.0238168,-0.0208471,0.0531851,-0.0317053,-0.0684279,0.0155293,0.0274135,-0.0025079,0.0307345,0.004965,0.1469586,-0.0900179,-0.0704018,-0.0473945,0.0447392,0.0179873,0.0321905,-0.10125,-0.0014783,-0.0793004,0.0276676,0.1204368,-0.011626,0.0377278,0.0175511,-0.0296081,0.0805913,-0.0695732,0.0091854,-0.0536219,0.0389721,0.0452402,-0.0151917,0.041402,-0.0480721,0.1370318,0.0053179,-0.0,0.0628842,0.026648,-0.0380155,0.0303965,0.0800265,-0.014303,-0.0107124,0.114996,-0.030128,-0.0699859,-0.0722054,-0.0217352,-0.0597225,0.0235668,-0.1349557,0.0227964,-0.06181,-0.0551002,-0.0445464,-0.0170447,0.0001327,0.0542624,-0.0316951,0.0470663,0.0429648,-0.006316,-0.0170825,0.0223925,-0.0303882,0.0485486,0.0426739,-0.0679541,0.0163568,0.0365115,-0.0705726,-0.043579,0.0284446,-0.050074,-0.0197868,0.1119692,0.041021,-0.0532647,0.0752756,-0.0411442,0.0267012,-0.0106212,0.0113377,-0.0144802,0.0264689,-0.0407097,0.0072974,-0.0351615,-0.0609456,-0.0245738,0.1090198,-0.0439258,0.075625,-0.0519901,-0.011716,-0.0059903,0.1348516,0.0039239,0.0226686,0.0880839,0.0064586,-0.0393259,-0.0024601,0.0270168,-0.0860009,0.0027507,0.0275701,0.0197744,0.005294,-0.0406925,-0.1171516,-0.0096757,0.000215,-0.030367,0.0044972,-0.0162979,-0.1422197,-0.0532937,-0.0014861,0.0203209,-0.0026846,0.0677202,0.0584073,-0.0623509,0.0666171,-0.0676417,0.0319151,-0.0433774,0.0198055,-0.0194705,-0.0284822,-0.0,-0.0188977,0.0171983,-0.049169,0.0025716,0.0395073,0.0256695,-0.0190269,-0.0672714,0.06282,0.0382705,-0.0644236,-0.0408986,-0.0243693,-0.0744344,0.1110351,-0.048037,0.0127881,0.0793936,0.0165168,0.0198927,0.066905,-0.0050121,-0.0897494,-0.0454077,-0.1070313,-0.0436636,-0.0424241,0.0448302,-0.0364272,0.0094709,-0.0022611,0.0446791,0.0169135,-0.0452922,0.0397213,0.0044262,0.0051368,-0.0576433,-0.0301948,0.0876392,-0.0502851,0.0379464,0.0250455,0.005074,0.0337934,0.1082117,-0.0325989,0.0867385,0.014147,0.0181684,0.0392547,-0.0180425,-0.0365334,-0.1024953,0.0087088,0.0834231,0.0699817,-0.0549307,-0.0770001,-0.0183755,0.0367274,-0.0269307,-0.0550136,0.0310173]"
242321,Talent Acquisition Consultant,35,sentence-transformers/all-MiniLM-L6-v2,"[-0.0285471,0.0037798,0.0246323,0.0605714,-0.1105846,-0.0075223,-0.11081,-0.0083078,-0.109033,-0.0237231,-0.0317743,-0.0704416,0.0266884,-0.0032314,-0.0455145,0.0117925,0.0547928,-0.064225,0.0472019,-0.0650794,0.0173044,-0.0008356,0.0262989,-0.0542528,-0.059051,-0.0247816,0.0567295,-0.0497479,-0.0266147,-0.0215826,0.0290665,0.0177967,0.0789383,0.0692343,0.0831239,0.0948554,0.0070938,0.0273519,0.0153982,-0.0268906,-0.0349722,-0.0865578,-0.0567007,-0.0539693,0.0188438,-0.0556395,0.0052943,-0.0439031,-0.0358524,0.0002669,-0.0413226,-0.0757982,0.038313,-0.0245175,-0.0231892,0.0327447,-0.0576961,0.0467411,-0.0619494,0.0195419,-0.0677475,0.0783421,-0.0726084,0.0167996,-0.0104494,-0.0492404,-0.0491185,0.070713,0.0339112,-0.0630804,0.0340303,-0.0297889,-0.1041718,0.04386,0.0740948,-0.0398708,0.0493523,0.0122978,0.0619671,-0.0991128,-0.0092668,-0.0040149,-0.0143152,0.078978,-0.1003876,-0.0423812,-0.0407964,0.0322888,0.007236,0.0088085,0.0591314,-0.0934982,-0.013062,0.0207102,0.0055587,0.0138646,-0.0425683,0.0176732,0.0418906,0.01804,-0.0256758,-0.0552189,-0.038248,0.0570529,-0.1264629,0.0696327,0.0099475,0.0384815,-0.0376085,0.0163816,-0.0123819,0.0074374,-0.1014383,-0.0217661,0.034715,0.0768459,-0.0790541,0.0457425,0.074417,0.0125388,0.0174333,0.076867,-0.0491751,-0.0594707,-0.0597498,-0.0273245,0.0199512,0.0,0.0207038,0.0703275,-0.0207582,0.1374461,-0.0188912,0.0381193,0.0340918,0.0396065,0.0386215,0.0889044,0.0886605,0.0594377,-0.0513114,-0.0608063,0.0054441,0.0497313,0.0499559,0.0659438,0.0234847,0.0270811,-0.027366,0.0065586,-0.0411341,0.0576733,0.0824213,0.0099159,-0.0231118,0.0358539,0.0895418,0.0072907,0.0426229,0.0015773,-0.0904026,-0.0412413,0.0183492,0.0248471,-0.002294,-0.0881049,0.012308,-0.0279523,-0.0705562,0.0028359,0.0688638,0.0030383,-0.0270032,0.0098295,0.0789986,0.0045505,0.0924418,0.1400617,-0.0329547,-0.0792433,-0.0308809,0.0381146,0.0469074,0.0474785,0.0488819,0.0184556,-0.0041466,-0.0091653,0.0322053,-0.0007673,-0.0563362,0.0094164,-0.0103336,-0.0292822,0.0189751,0.0090328,0.1617919,-0.0702065,-0.0474592,-0.0101171,0.0563827,0.0133814,0.0248495,-0.0758906,0.004625,-0.0376836,0.0206381,0.1106944,-0.0120732,0.0314954,0.0234949,-0.0019739,0.1191969,-0.0270201,0.0304796,-0.0682341,0.044822,0.0677667,-0.0185117,0.0314098,-0.0791092,0.1413897,0.011272,-0.0,0.0674089,0.0077582,-0.0434216,0.0229376,0.0737251,0.0012604,-0.0190734,0.085299,-0.0166982,-0.07514,-0.0943778,-0.0001344,-0.0554775,0.0033362,-0.1243833,0.0182575,-0.0298009,-0.0491856,-0.0644741,0.0102724,-0.0065039,0.0114231,-0.0465048,0.0425455,0.0306399,-0.007003,0.0023108,-0.0005136,0.0005199,0.0701324,0.0236339,-0.0614073,-0.0297439,0.0508071,-0.0836131,-0.0498496,0.0416464,-0.0397897,0.0138423,0.0808144,0.0313845,-0.0338627,0.0758027,-0.0437996,-0.0002198,-0.0523404,0.0336423,-0.0068425,0.047547,-0.0776988,-0.0047358,-0.0117583,-0.0608077,-0.019098,0.0506733,-0.0430551,0.0665556,-0.0359953,0.0085204,0.0107105,0.105808,0.0458346,0.0470639,0.068851,-0.0232505,-0.0458521,0.0171143,0.0137913,-0.0760687,-0.0122264,0.0436205,0.0020278,0.014583,-0.0101796,-0.101791,-0.0315969,-0.0127799,-0.0472962,-0.0041775,0.0046404,-0.1268303,-0.0379246,-0.0124989,0.063301,-0.0051984,0.0848324,0.0436423,-0.0599448,0.058173,-0.0864178,0.0142664,-0.0255926,-0.0158638,0.0159134,-0.0539153,-0.0,-0.0429804,0.0285098,-0.0380319,-0.0025745,0.0235797,0.0143377,-0.0204991,-0.0331713,0.0636489,0.0187353,-0.0305085,-0.0345141,-0.0406712,-0.0562365,0.1105848,-0.0430837,0.0003322,0.0949945,0.0106184,-0.0047572,0.0604742,0.0061595,-0.097195,-0.0323424,-0.0691504,-0.0507935,-0.0701582,0.0035209,-0.0238314,0.0236827,0.0006836,0.0561054,0.0288016,-0.0501135,0.049203,-0.0058789,0.0157793,-0.0547432,-0.0496411,0.0514802,-0.0600198,0.0464645,0.0194764,0.0112043,0.045764,0.0812219,-0.0121815,0.0672688,0.0071796,0.0040836,0.0425785,-0.007282,-0.0233245,-0.0657184,0.0374715,0.0507829,0.0873898,-0.0500553,-0.0467005,0.0156263,0.0193239,-0.0427659,-0.0570883,0.0393251]"
242323,Human Resource Officer,7,sentence-transformers/all-MiniLM-L6-v2,"[-0.0229723,0.0257213,0.040466,0.0570688,-0.0951661,0.0112026,-0.0970444,0.0008007,-0.1198628,-0.0244465,-0.0067295,-0.0702058,0.0199832,0.0100717,-0.0584025,0.0231705,0.0404498,-0.0467741,0.0520897,-0.0511749,0.0336006,0.0174074,0.0412476,-0.0132401,-0.0644055,-0.0157072,0.0150063,-0.0481248,-0.0220771,-0.008447,0.0360398,-0.0189058,0.0935816,0.0550541,0.0566661,0.0935873,0.0180804,0.0127784,-0.0111952,-0.0082595,-0.0118799,-0.064666,-0.0716117,-0.0499675,0.0461467,-0.048837,0.0238576,-0.0723593,-0.0532117,0.0316787,-0.0541566,-0.0840419,0.039326,-0.0259159,-0.0177817,0.0358703,-0.0552923,0.0520609,-0.0391675,0.0261639,-0.0698164,0.0546188,-0.0694648,0.0022026,-0.0027768,-0.0571796,-0.0297083,0.0756254,0.0214145,-0.0758449,0.065196,-0.0470451,-0.1081024,0.0394988,0.0604092,-0.0415723,0.0464093,0.0058097,0.0504555,-0.0821211,-0.022618,-0.004501,-0.003843,0.0447834,-0.0746963,-0.0230484,-0.0704994,0.0317578,0.0039137,-0.0071664,0.0261696,-0.1049552,-0.0253592,0.0104219,0.0225456,0.0202673,-0.0439838,-0.0049278,0.0189437,0.003567,-0.0058141,-0.0601055,-0.0644917,0.0340778,-0.0715403,0.0857136,-0.0226774,0.0569725,-0.0399115,0.0030542,-0.0317174,0.0004608,-0.09391,0.0045929,0.0584354,0.0848482,-0.101124,0.029376,0.0958059,0.0032333,0.0273173,0.0578576,-0.0089841,-0.0342071,-0.062485,-0.0364473,0.0409816,-0.0,0.0239461,0.0401763,-0.001383,0.1136506,-0.0182742,0.0236971,0.0179243,0.036519,0.0345984,0.0558733,0.0977183,0.0528819,-0.0506638,-0.0669906,0.0077627,0.063366,0.0258144,0.0682876,0.0464218,0.0433945,-0.0316725,0.0264804,-0.0351279,0.0656683,0.0724936,0.0002088,-0.0389124,0.0197317,0.0900789,0.0009631,0.040884,-0.0145043,-0.072164,-0.0865895,-0.0132312,0.0023987,-0.013399,-0.0741296,0.0154426,-0.0276822,-0.0509741,-0.0076162,0.0808002,0.0024822,-0.0214927,0.028797,0.0859986,6.75e-05,0.0757972,0.1573101,-0.0285441,-0.0891855,-0.0384714,0.0082057,0.0360768,0.0386879,0.0341596,0.058689,-0.0054078,-0.0329288,0.0782251,0.0112022,-0.0473807,0.0318813,0.037777,-0.0172658,0.0199604,0.0047942,0.1306586,-0.0579797,-0.0678804,-0.0066171,0.0353302,-0.0021377,0.0473159,-0.0877853,-0.0084267,-0.0506134,0.0027272,0.1188822,-0.0315323,0.0502558,0.0081954,0.0015891,0.0908327,-0.0318512,0.0083941,-0.0569554,0.0472969,0.0623976,0.013313,0.0341016,-0.0579196,0.1318235,-0.0029748,-0.0,0.0805204,-0.0008823,-0.0289158,0.0469146,0.0583245,-0.010717,-0.0397795,0.1345892,-0.0441692,-0.086996,-0.0710867,0.0018235,-0.0464921,0.0185589,-0.116641,0.0219619,-0.0356726,-0.042914,-0.0560737,-0.0169629,0.0114404,0.0319607,-0.0181255,0.0374431,-0.0077011,-0.0105534,-0.010206,0.0030032,-0.0043565,0.0425244,0.0284259,-0.0595252,0.0126107,0.0278861,-0.0646719,-0.0487874,0.0256404,-0.0472171,0.0217813,0.0931224,0.0479946,-0.0438784,0.0698012,-0.039789,0.0058702,-0.0417233,0.0176298,-0.0235832,0.0419024,-0.0425066,-0.0349987,-0.021503,-0.0618525,-0.0559149,0.0665584,-0.0448777,0.0578812,-0.0473034,0.0075134,-0.0141446,0.0981749,0.0566131,-0.0037172,0.0716737,-0.0449406,-0.0203912,0.0194363,-0.0041442,-0.0666031,-0.0042639,0.0729225,0.0385077,0.0024402,0.0030117,-0.1075966,-0.0138979,0.0096012,-0.0484594,0.0098202,-0.0448048,-0.1493174,-0.0592897,0.0137285,0.0666927,0.0113126,0.091937,0.015932,-0.0506951,0.0666798,-0.0767375,0.0497532,-0.0452788,0.0076557,0.011363,-0.0435128,-0.0,-0.0535961,0.0314491,-0.0272175,-0.0105577,0.035005,0.0345982,-0.0203387,-0.0333251,0.0614559,0.027504,-0.0160323,-0.037631,-0.0408988,-0.0657534,0.1165869,-0.0640075,0.0301669,0.1049447,0.033984,0.0155208,0.0655994,-0.0049041,-0.0541445,-0.0370512,-0.101783,-0.0632566,-0.043461,0.0387854,-0.0302499,-0.0009923,0.0132879,0.0652837,0.0136501,-0.0199914,0.0525527,-0.0462935,0.0040158,-0.0501154,-0.0655745,0.0742955,-0.0672694,0.0402629,0.0220099,0.0005016,0.0537643,0.0989364,0.0311563,0.0349193,-0.0010607,0.0074092,0.0189536,0.0022531,-0.0014497,-0.0884306,0.0145274,0.057781,0.0892818,-0.0829944,-0.0651782,-0.005923,0.0366959,-0.0479758,-0.0595469,0.0301295]"
243110,Marketing Communications Specialist,7,sentence-transformers/all-MiniLM-L6-v2,"[-0.0005223,-0.0064603,0.0285208,0.0442397,-0.0835914,-0.0111074,-0.0848904,0.017074,-0.1054053,-0.0183952,-0.0296796,-0.0591063,0.0227437,-0.0143605,-0.0278628,-0.0155958,0.0273457,-0.0722595,0.0576445,-0.0491533,0.0483839,0.0035938,0.0203832,-0.0244812,-0.0595086,-0.0255976,0.0391581,-0.0180495,-0.0386154,-0.0363797,0.037503,0.0130857,0.0924132,0.0638826,0.0551412,0.0849963,0.0300134,0.045859,-0.0161279,-0.0258499,-0.0299901,-0.0657254,-0.0319063,-0.054219,0.0317588,-0.0262703,0.0085894,-0.0288683,-0.0520929,0.0565162,-0.0778432,-0.0849752,0.0536051,-0.0219518,0.0235127,0.0408453,-0.0233895,0.0246319,-0.058676,0.0269573,-0.0612064,0.0286813,-0.0737011,0.0206478,-0.0097597,-0.0368505,-0.0251388,0.0969873,0.0147526,-0.0577054,0.0386892,-0.0741724,-0.0972878,0.0438355,0.0465974,-0.0556602,0.0486089,0.0134127,0.0537288,-0.0657945,-0.0117891,0.0176899,-0.0136615,0.0633901,-0.0962525,-0.037827,-0.0573594,0.0247248,0.0073909,0.0161685,0.0197775,-0.0618461,-0.0221386,0.0437196,-0.0383702,-0.0050706,-0.0252912,-0.0199478,0.0380355,0.0215203,-0.0251394,-0.0325838,-0.0446944,0.0176703,-0.1007928,0.02852,0.0205706,0.0765799,-0.0341584,-0.0029974,0.0082921,0.0284801,-0.1085816,-0.0143577,0.0422224,0.0753528,-0.1060571,0.0247784,0.0941013,0.0076191,0.0018443,0.0661929,-0.0425116,-0.0547738,-0.1125965,-0.0500578,-0.0140889,0.0,-0.0160034,0.0606163,-0.0019094,0.1170043,0.0111944,0.0292598,0.0275234,0.0556926,0.0214663,0.0529582,0.1167726,0.0457131,-0.0538685,-0.0247509,0.008228,0.0224667,0.0103761,0.0725984,0.030218,0.0110604,-0.0215334,0.0106772,-0.0336325,0.0512229,0.0861198,0.0188684,-0.023375,0.0521029,0.1221213,0.0024023,0.0309755,-0.02546,-0.0442923,-0.0606629,0.0120744,0.0145084,-0.0222092,-0.0808834,0.0022829,-0.0224753,-0.0748359,-0.0224809,0.0469853,0.019193,-0.0320468,0.035382,0.0790465,-0.0158005,0.0905537,0.1181385,-0.0364235,-0.0714776,-0.017507,-0.0023116,0.0352799,0.0172523,0.0269197,0.0029865,-0.0227101,-0.0439608,0.054707,0.0138505,-0.0625757,0.013109,0.0184129,0.0239398,0.0692786,-0.0056746,0.1562981,-0.0783698,-0.062198,-0.0075818,0.041604,0.013672,0.0507402,-0.0628016,-0.0015247,-0.0341714,0.0060831,0.1315491,-0.0083811,0.0549495,0.0279473,-0.0004168,0.0890988,-0.0075286,0.0295347,-0.0206151,0.0484913,0.0882257,-0.0520591,0.0214558,-0.0755093,0.1603265,-0.0092482,-0.0,0.033879,0.0214203,-0.0314286,0.0464676,0.080248,-0.0208309,-0.0541881,0.103038,0.0003964,-0.0956676,-0.0937807,-0.0015938,-0.0681974,0.0356242,-0.1281374,0.0387652,-0.0463542,-0.0782533,-0.0912824,-0.0302319,0.0214629,0.0373708,-0.0251832,0.0598473,-0.0150028,0.0171203,0.0065285,0.033531,-0.0202951,0.0538871,0.0372368,-0.0883705,-0.0052041,-0.0046544,-0.0633234,-0.0345616,0.0296509,-0.0312658,-0.004256,0.1327309,0.0615345,-0.0369384,0.0689158,-0.0371044,-7.86e-05,-0.0396952,0.0020864,-0.0337819,0.0466828,-0.0514492,-0.0231803,-0.036503,-0.0544994,-0.0605883,0.0609615,-0.0380187,0.0562823,-0.036713,-0.0038028,-0.0072188,0.0722832,0.0258618,0.0323784,0.0757109,-0.0279798,-0.0392842,0.0519037,0.001572,-0.0895686,0.0241227,0.0437397,0.0531159,-0.0090016,-0.0146374,-0.1356053,-0.0177889,-0.0244189,-0.0269293,-0.0006707,-0.0035983,-0.122621,-0.0368185,0.0168378,0.0566731,0.0077374,0.0728006,0.0403998,-0.0607432,0.0417497,-0.0739313,0.0337218,-0.0428154,-0.0119591,0.0084202,-0.060972,-0.0,-0.0111503,0.0086495,-0.03523,-0.0045097,0.0312722,0.0459952,-0.0083326,-0.0626863,0.0769907,0.0264246,-0.0165011,-0.0528932,-0.047324,-0.0508756,0.1191256,-0.0880459,0.0024388,0.10247,0.0186034,0.001908,0.081864,-0.005776,-0.0550665,-0.0222587,-0.062616,-0.0331289,-0.0350503,0.0047724,-0.0308518,0.0144476,-0.003811,0.0727699,-0.0079882,-0.0304667,0.0347131,-0.0217826,0.0092149,-0.0694536,-0.0495285,0.0773655,-0.0494803,0.0304238,0.0101382,0.0342889,0.0205187,0.0747456,0.0115699,0.0735449,0.0242223,0.0160484,0.017442,0.0146241,-0.0007843,-0.0877239,-0.0010195,0.0468958,0.0760427,-0.0460264,-0.0898002,-0.0015006,0.0385716,-0.0583975,-0.0567712,0.0563414]"
243121,Business Development Executive,30,sentence-transformers/all-MiniLM-L6-v2,"[-0.0115169,0.014303,0.0315201,0.0399988,-0.1083101,0.0127291,-0.0803242,0.0287646,-0.1255829,-0.0364513,-0.0240404,-0.0548555,0.0309487,0.0005816,-0.0400535,0.0173241,0.0334437,-0.0660672,0.0465483,-0.0472842,0.0224117,0.0122422,0.0148382,-0.051452,-0.0488706,-0.0097812,0.0293003,-0.0461947,-0.0100179,-0.0336068,0.0408208,0.0175071,0.0862267,0.0743118,0.0781833,0.0751547,0.0231566,0.0250897,0.0232315,-0.0305964,-0.0157694,-0.0906907,-0.0682021,-0.0500767,0.0375684,-0.045224,0.013197,-0.0775668,-0.0318335,0.0108065,-0.059356,-0.0777169,0.0372352,-0.0268004,-0.0188314,0.0173126,-0.0410302,0.0474846,-0.0263009,0.0147067,-0.0380485,0.0501713,-0.0688716,0.0015192,0.0128033,-0.046488,-0.0464357,0.0839284,-0.0010454,-0.0470822,0.0289363,-0.0297362,-0.0983721,0.0584539,0.0410204,-0.0558026,0.0503852,0.0007687,0.0476928,-0.0917934,-0.0267572,0.0195389,-0.0357307,0.0551599,-0.1159579,-0.0225557,-0.0393906,0.0496071,0.011218,0.0057364,0.0430678,-0.0989759,-0.0087397,0.0293874,0.0042986,-0.0052568,-0.0508282,-0.0206376,0.03707,0.0206689,-0.0238295,-0.0380826,-0.0530999,0.0311073,-0.1184633,0.0565024,-0.0094334,0.0699504,-0.0403424,-0.0020619,-0.0031526,0.0104095,-0.1052394,-0.0112321,0.0349559,0.0874023,-0.0796373,0.0281685,0.11497,0.0072595,0.0412806,0.0901957,-0.0283666,-0.0721223,-0.0747209,-0.0332234,0.028581,0.0,-0.0106028,0.0709125,-0.0323645,0.1450892,0.0080354,0.0332077,0.0341066,0.0247042,0.0144362,0.0818058,0.0951665,0.0492643,-0.0546734,-0.0456554,0.0164664,0.0547945,0.0075831,0.0438962,0.0317764,0.0171415,-0.0302788,0.0014052,-0.0274946,0.0712305,0.0731892,-0.0070853,-0.0257267,0.0376106,0.1125738,0.0010694,0.0800354,-0.0013853,-0.0804878,-0.0365471,0.0140764,0.0406647,-0.0080217,-0.0704297,0.0069474,-0.051655,-0.0673251,-0.021431,0.0561377,0.0400072,-0.0160868,0.0076516,0.0684604,-0.0125073,0.1002254,0.117544,-0.0408402,-0.0571284,-0.0419095,0.005589,0.0418046,0.038841,0.0219146,0.0193642,-0.0243419,-0.0308453,0.0500335,0.003461,-0.0612499,0.0395191,-0.003605,-0.0051752,0.0347812,0.0059058,0.1594095,-0.0858944,-0.0589059,-0.0194437,0.0525479,0.0076688,0.0184729,-0.0618205,-0.0187561,-0.03909,0.0239911,0.0994445,-0.0257184,0.0407464,0.02833,-0.013237,0.0797641,-0.0379241,0.0349915,-0.0615717,0.0349067,0.0625924,-0.0311403,0.0459451,-0.0927322,0.1464819,0.0012092,-0.0,0.0739185,-0.0002593,-0.0429553,0.06083,0.0649153,-0.0002292,-0.0233293,0.0962533,-0.0186651,-0.065172,-0.0861606,0.001072,-0.0470066,0.0342867,-0.0983023,0.0105583,-0.044044,-0.0501311,-0.0624765,-0.0036895,-0.0027977,0.0365907,-0.0437966,0.0509152,-0.0065347,0.0050843,-0.001566,0.0032246,-0.02037,0.0402159,0.0276154,-0.0612501,-0.0103073,0.0406139,-0.0835948,-0.0577399,0.04182,-0.050972,0.0211336,0.0901586,0.0491076,-0.0331336,0.0702446,-0.0243671,-0.0032976,-0.0501044,0.0234544,-0.0320927,0.0759185,-0.0475821,-0.0024084,-0.0028372,-0.0520105,-0.0527756,0.063278,-0.0170381,0.075939,-0.067013,-0.0021646,0.0217808,0.1104325,0.0520801,0.053343,0.07434,-0.0095243,-0.0599013,0.0302343,0.0089257,-0.0700549,-0.0180508,0.0488848,0.0235916,-0.0006706,-0.0436604,-0.1284456,-0.0192556,-0.0164277,-0.0236984,-0.0117096,-0.03778,-0.1177296,-0.0361865,0.002172,0.0828073,0.0061035,0.0669138,0.0460095,-0.0650213,0.0757779,-0.0762376,0.018579,-0.0338751,-0.0096849,0.0009674,-0.0682667,-0.0,-0.0488577,0.0200445,-0.0475699,0.006775,0.0149076,0.0411113,-0.0005152,-0.0244831,0.0492397,0.0327706,-0.0446895,-0.0654265,-0.0544686,-0.0340886,0.1162745,-0.0699204,0.009098,0.0819788,0.0115784,0.01378,0.0841218,-0.0103335,-0.0451397,-0.0247348,-0.107905,-0.0446495,-0.0478018,0.0136673,-0.0208866,0.0174673,0.0037798,0.0700506,0.0225569,-0.0410032,0.0335713,-0.0114947,0.0338995,-0.0478998,-0.0536948,0.0767671,-0.0644057,0.0247526,0.0010554,0.0043351,0.0385832,0.0768244,-0.0510329,0.073287,0.0190883,0.0166442,0.0424743,-0.0137748,-0.0237547,-0.0779838,0.0225115,0.0575255,0.0644795,-0.051689,-0.0523094,0.0033062,0.0252658,-0.0452885,-0.0564451,0.0336241]"
243135,Digital Marketing Executive,52,sentence-transformers/all-MiniLM-L6-v2,"[-0.0075397,0.0027063,0.0277698,0.0441471,-0.0821559,0.0052601,-0.0978436,0.0126317,-0.114862,-0.0156216,-0.0272811,-0.0628618,0.0279365,-0.0162933,-0.0156229,0.0027306,0.0281101,-0.0549936,0.0384811,-0.0581378,0.0329556,-0.0094218,0.0211047,-0.0393344,-0.0473383,-0.0248847,0.0468699,-0.0369571,-0.0272808,-0.0350381,0.0389003,0.0153024,0.0803268,0.0727775,0.0723943,0.0898806,0.0150287,0.0201446,0.0092239,-0.0220297,-0.0302228,-0.0916612,-0.0576547,-0.0594631,0.0423548,-0.0604434,0.0120889,-0.0475049,-0.0407642,0.0280046,-0.0698933,-0.0725085,0.0382208,-0.0273068,-0.005846,0.0289734,-0.0473633,0.0436967,-0.0422531,0.0267523,-0.057326,0.0402767,-0.0683707,0.0330553,-0.0068305,-0.0511662,-0.0421545,0.0882967,0.0066765,-0.0469616,0.0541263,-0.0455989,-0.1194565,0.0569365,0.0556688,-0.0718898,0.056183,0.0092921,0.0493745,-0.0668566,-0.0129974,0.0030907,-0.0272019,0.0773977,-0.1099905,-0.0346883,-0.0650721,0.0468578,0.0081001,0.0147878,0.0441813,-0.0868904,-0.0119555,0.0328099,-0.0022125,-0.0195662,-0.0405016,-0.0094287,0.046653,0.0283933,-0.0391757,-0.0475687,-0.0528651,0.0422117,-0.1155983,0.0527633,0.0150353,0.078542,-0.0466362,0.0065866,-0.0106844,0.007289,-0.1042043,-0.0064864,0.0329929,0.0786073,-0.095261,0.0212643,0.1171583,0.0096434,0.0364673,0.0883193,-0.0367823,-0.0663361,-0.1061381,-0.0358112,0.0182082,0.0,-0.001131,0.0645517,-0.0195828,0.1317305,0.0004693,0.0387433,0.0223543,0.0361724,0.0028572,0.0670418,0.0954266,0.046714,-0.0582469,-0.034584,0.0324585,0.0431192,0.0319664,0.061054,0.0300023,0.0133117,-0.0059686,0.0053183,-0.0242492,0.0618677,0.0670188,0.0085895,-0.030635,0.0169893,0.1134506,0.0084414,0.0466231,-0.0112035,-0.0729781,-0.0571112,0.0112743,0.0344689,-0.0208578,-0.0848562,0.0144273,-0.0224745,-0.0716731,-0.016711,0.0485315,0.022802,-0.0358589,0.02867,0.0721361,-0.021078,0.1088991,0.133183,-0.0156331,-0.062452,-0.0254372,0.0196058,0.0471531,0.0443153,0.0152015,-0.0030521,-0.0273851,-0.0227615,0.0483528,-0.0030875,-0.0681926,0.0245997,0.0108494,0.0166675,0.0479884,-0.0062643,0.1556441,-0.0818351,-0.0631049,-0.0224569,0.0329977,0.0076049,0.0241999,-0.0690406,-0.0150767,-0.0263454,0.0216993,0.1225499,-0.0172468,0.0349474,0.0198296,-0.0141725,0.0845458,-0.0186855,0.0271778,-0.0509019,0.0371045,0.070585,-0.0120366,0.0335993,-0.0690057,0.145171,-0.0105762,-0.0,0.0366792,-0.0072731,-0.0393904,0.0572848,0.071304,-0.0030577,-0.0405734,0.1165181,-0.0108193,-0.0769229,-0.0828704,-0.003786,-0.0493408,0.0281428,-0.1190315,0.0282347,-0.0296858,-0.0680029,-0.0906155,-0.0008288,0.0123173,0.0316077,-0.0310158,0.0416902,0.0112649,0.0019898,0.0011186,0.0026263,-0.0143407,0.0469858,0.0271797,-0.0593246,-0.0227367,0.0254949,-0.0657238,-0.0322509,0.0348089,-0.0367676,0.0176211,0.1058438,0.0424207,-0.0326446,0.0719832,-0.0213588,0.0008571,-0.0260735,0.0042912,-0.0248832,0.0558549,-0.0511599,-0.0215434,0.0024593,-0.050878,-0.0507308,0.0637851,-0.0483483,0.0459888,-0.0621857,-0.0142136,0.0108801,0.1059628,0.0481576,0.0426938,0.0744337,-0.0076859,-0.0404727,0.0234493,0.0147539,-0.0998029,-0.0074766,0.0694428,0.0213646,-0.0093777,-0.0097055,-0.1285146,-0.0375068,-0.0214669,-0.0197917,-0.0003119,-0.0129965,-0.1246069,-0.0076611,-0.0018728,0.0545379,0.004087,0.0715734,0.0424031,-0.059741,0.0557161,-0.0820954,0.0327835,-0.0440118,0.0043821,0.0181158,-0.0602983,-0.0,-0.0410842,0.0063542,-0.0441002,-0.000157,0.0095026,0.0472302,-0.0058469,-0.0508653,0.0691733,0.0210974,-0.0261336,-0.0427223,-0.0526196,-0.0405318,0.114485,-0.0726088,0.0082989,0.0932523,0.024158,0.0005533,0.079584,0.0011905,-0.0583919,-0.0393752,-0.0722371,-0.0235356,-0.0427584,-0.0008535,-0.0247971,0.0098848,-0.0182506,0.0670104,0.006893,-0.0353137,0.0336396,-0.0207707,0.0298516,-0.0625816,-0.0677819,0.0744728,-0.0585814,0.042151,0.0277976,0.0081401,0.0324795,0.0784274,-0.0104279,0.0820655,0.0157532,0.0111008,0.0151538,0.0079293,-0.0193134,-0.0843549,0.0123381,0.046515,0.0719284,-0.0378938,-0.0686448,0.0101986,0.0473374,-0.0637976,-0.0623384,0.0478542]"
243136,Marketing Officer,23,sentence-transformers/all-MiniLM-L6-v2,"[-0.0119825,-0.002713,0.0501194,0.0421662,-0.1067192,0.0208796,-0.0994149,-0.0087308,-0.1085081,-0.0344858,-0.0033679,-0.0586285,0.0256932,-0.0042263,-0.0266613,-0.0176353,0.0551085,-0.0653922,0.02689,-0.0463034,0.023742,0.0085497,0.0104363,-0.0376065,-0.0644933,-0.0215306,0.039608,-0.039408,-0.0353946,-0.0270821,0.0384774,-0.0131273,0.0781637,0.0730263,0.0660553,0.0703475,0.0304359,0.0107281,0.0147801,-0.0141576,-0.0118073,-0.0701677,-0.0652176,-0.0503204,0.0511587,-0.048071,0.0020555,-0.0587867,-0.021249,0.0161713,-0.0469553,-0.0604636,0.0595378,-0.0067779,-0.0108048,0.0388776,-0.057872,0.0222755,-0.0502715,0.0469017,-0.0622703,0.0583317,-0.0534526,0.0149255,-0.0197353,-0.0617506,-0.0566048,0.0596295,0.0126512,-0.0523568,0.0356748,-0.0261216,-0.1028084,0.0598712,0.0613261,-0.0622006,0.0524174,-0.0030181,0.0345694,-0.0885611,-0.0371234,-0.0096176,-0.0360643,0.0893225,-0.1150482,-0.0303039,-0.0669304,0.0325955,-0.0180308,0.0197326,0.0419811,-0.0963248,-0.0100293,-0.0222953,0.0178851,0.0084052,-0.0587412,-0.0213928,0.0302969,0.022193,-0.0315536,-0.0249169,-0.0496504,0.0487384,-0.102415,0.0535251,0.0140187,0.0682565,-0.0421487,0.0003616,-0.0057941,0.003087,-0.0842874,-0.0061046,0.0151363,0.0727799,-0.0798576,-0.0006724,0.1068874,-0.0020761,0.0412466,0.0785795,-0.0247136,-0.046898,-0.0987206,-0.0190103,0.0424,0.0,-0.0032283,0.0600778,-0.0109164,0.1266187,0.0183991,0.0489016,0.0173055,0.0228131,0.0294375,0.0821787,0.0913788,0.0528251,-0.0554533,-0.0793738,0.020951,0.0815085,0.0373839,0.0951174,0.0117265,0.0203356,-0.0215497,-0.0033852,-0.023876,0.0667106,0.061556,0.0012446,-0.0298518,0.038081,0.0931474,-0.0049256,0.0543779,-0.0019816,-0.0695292,-0.0407306,0.0130277,0.023881,-0.0107073,-0.0928606,0.0057873,-0.0545839,-0.0890531,-0.0061594,0.0681503,0.0372975,-0.0321696,0.0274742,0.0549968,-0.0276459,0.0999769,0.1421373,-0.0172914,-0.073096,-0.0280935,0.0222257,0.0249527,0.0453368,0.049311,0.0242876,-0.016793,-0.0406798,0.061474,-0.0019845,-0.0608877,0.0185787,0.0143077,0.0020884,0.0407786,-0.0003481,0.1500414,-0.0640604,-0.0588524,-0.0169353,0.0155245,0.0288238,0.043645,-0.0679743,-0.0129178,-0.062612,0.0452743,0.1016791,-0.0016429,0.0263332,0.0384789,0.0059768,0.0880806,-0.0377752,0.0378324,-0.0497081,0.0465546,0.05293,-0.0288877,0.0581248,-0.073451,0.1543673,-0.0247296,-0.0,0.04934,-0.0140868,-0.0419042,0.0307527,0.055948,-0.0135361,-0.0607384,0.0920166,-0.0125187,-0.098262,-0.0919632,0.0050186,-0.0396345,0.0150769,-0.1054793,0.0339159,-0.0183553,-0.0542544,-0.0669127,0.0127997,0.0016415,0.0259404,-0.0196687,0.0664503,-0.0077893,-0.0017107,0.0093633,0.0249992,-0.0259117,0.0184101,0.0278192,-0.0546412,0.007472,0.0326907,-0.0769519,-0.0398224,0.0360836,-0.0505284,-0.0009533,0.1025444,0.0578175,-0.0367939,0.0784313,-0.0162879,0.010666,-0.0370827,0.0080686,-0.0322692,0.0436496,-0.0444895,-0.0354417,-0.0234008,-0.0612595,-0.0182161,0.0535677,-0.0236641,0.0585979,-0.0419299,-0.0147626,-0.0011505,0.1054083,0.0637885,0.0405729,0.0760528,-0.0120332,-0.0608939,0.0460988,-0.009099,-0.0995685,-0.0166393,0.0598699,-0.0026182,-0.0067741,-0.0111367,-0.1253158,-0.0436624,-0.0030845,-0.0525639,0.0004153,-0.0336433,-0.1377677,-0.028002,0.0078338,0.0558968,-0.0011095,0.0716437,0.0629896,-0.0433374,0.0595924,-0.0547063,0.0353894,-0.0396351,-0.0003922,-0.0039892,-0.0684488,-0.0,-0.0350505,0.0392973,-0.0353067,0.004953,0.0119611,0.0019712,-0.0187163,-0.0339286,0.0759813,0.013926,-0.0422138,-0.0472492,-0.0436756,-0.0659633,0.1147447,-0.0438704,0.0185104,0.0909777,0.0063828,0.023788,0.0568297,-0.0003503,-0.0498205,-0.0498565,-0.0846556,-0.0448897,-0.0574052,0.0295304,-0.0249752,0.0175419,-0.0115701,0.0533044,0.0124832,-0.0307362,0.0457006,-0.0059106,0.0176065,-0.0727377,-0.0439076,0.0670792,-0.0704884,0.0341105,-0.0023351,0.0084383,0.0462549,0.0932875,-0.0112896,0.093542,0.024245,0.0226203,0.0464701,-0.0129041,-0.0118079,-0.095874,0.0019572,0.0411864,0.0868558,-0.0506706,-0.0282655,0.0116425,0.0461933,-0.0417053,-0.0580174,0.0385015]"
251201,Software Developer,11,sentence-transformers/all-MiniLM-L6-v2,"[0.0010572,0.0092968,0.0255857,0.0256959,-0.0794841,-0.0317987,-0.0565984,0.0398397,-0.1102629,0.0290838,-0.047824,-0.0688477,0.0811826,-0.0458447,-0.0308248,0.0292555,0.0124892,-0.0755728,0.0578306,-0.0708283,0.0251304,-0.0051834,0.0023883,-0.0570081,-0.0117078,0.0062939,0.068414,-0.0546357,-0.0031043,-0.0258927,0.0022921,0.0192766,0.075148,0.0973225,0.0376313,0.0514844,0.0230267,0.0159138,-0.0133761,-0.0655922,-0.0581333,-0.0631065,-0.037888,-0.0475864,0.0476967,-0.0429577,-0.0094233,-0.074049,-0.0711126,0.0370623,-0.0642099,-0.1037117,0.0315302,-0.0303312,-0.017913,0.0060906,-0.0265171,0.0487523,-0.0330008,0.0164258,-0.0406921,0.0501359,-0.0735173,0.0432554,-0.0069518,-0.0309293,-0.0202223,0.0971158,0.033201,-0.0312013,0.0206344,-0.0324509,-0.1032876,0.0454618,0.0374564,-0.0948891,0.0473044,0.0165394,0.0609713,-0.07357,-0.0004197,0.0278542,-0.0163477,0.0613331,-0.0951982,-0.0287468,-0.0488081,0.064522,0.0316378,-0.0131529,0.0357556,-0.0556914,0.014901,0.0619356,0.0008039,-0.0389767,-0.0167509,-0.0053857,0.0493807,0.0347953,-0.0592924,-0.0181547,-0.0351723,0.025536,-0.1001456,0.0627618,0.0238243,0.0502727,-0.0430038,-0.0079502,0.0093776,0.0048308,-0.0855738,-0.0193308,0.0426874,0.0639203,-0.1029316,0.0683642,0.0996903,0.0464682,0.0215105,0.0579022,-0.0622479,-0.0630999,-0.0782232,-0.057887,0.000549,0.0,0.0156009,0.0451106,-0.0418841,0.1314896,0.0242282,-0.0007887,0.0305148,0.0282843,-0.0056962,0.0429909,0.0820956,0.0339062,-0.0530497,-0.0024927,0.0727942,0.0243852,0.0031037,0.0548321,0.0327761,0.0357615,0.0284502,-0.0234334,-0.0121366,0.0421821,0.0694701,0.0206887,-0.0328842,0.0191927,0.1456621,0.0078949,0.0415402,-0.039884,-0.083543,-0.0588597,0.0390401,0.0305107,0.014856,-0.068829,0.0193438,0.0155347,-0.0598712,-0.0204996,0.0382101,-0.0116368,-0.0080027,-0.003626,0.1087041,-0.0085275,0.1018469,0.1125147,-0.0400592,-0.0502811,-0.0310008,0.0180986,0.0240181,0.0515544,0.0195398,-0.0238376,0.0035707,0.0115412,0.0087626,-0.0040224,-0.0404811,0.0174151,0.0067379,0.003902,0.0632981,-0.0042975,0.1761615,-0.0839812,-0.0715813,-0.0437611,0.0259883,-0.0022133,0.0153713,-0.0605047,-0.0506081,-0.0565106,-0.0229163,0.1287065,-0.0503757,0.039786,-0.0364963,-0.0399191,0.0962023,-0.0145076,0.0025262,-0.0452329,0.0058568,0.0566236,-0.0218041,0.0229932,-0.0597358,0.120395,0.0015009,-0.0,0.0343458,0.0162393,-0.0618269,0.0679876,0.102662,-0.0002618,-0.0059305,0.1190794,-0.0086698,-0.0672273,-0.0568792,0.0006914,-0.0552341,0.0386707,-0.1061748,0.0034032,-0.0486455,-0.0560834,-0.1121017,-0.0105523,-0.0116033,0.0024995,-0.0480323,0.0273702,0.0547233,0.0248843,-0.0213844,-0.0212846,0.0126428,0.0870156,-0.0006955,-0.0494584,-0.0280808,0.0170036,-0.0284842,-0.0423847,0.0588421,-0.0592309,-0.0152077,0.1014664,0.0491247,-0.0077943,0.0518119,-0.0202128,-0.0088568,0.0019971,0.0034378,0.0142045,0.0521327,-0.0707255,0.0431234,-0.0126272,-0.0211649,-0.0619082,0.0979864,-0.0396005,0.0634451,-0.0600234,0.0078194,-0.0020139,0.0890508,-0.0071673,0.0517563,0.0777636,-0.0232106,-0.0181272,0.0334316,0.0605871,-0.1015253,-0.0266382,0.0515048,0.0306345,-0.0262075,-0.0447744,-0.1182493,-0.0309453,-0.020317,0.0121984,-0.0116377,0.0043448,-0.1072821,-0.0086389,-0.0033857,0.0471073,-0.0102262,0.0434599,0.0253976,-0.0885389,0.0306124,-0.0856528,-0.023239,-0.0283984,0.0056262,0.0284188,-0.047358,-0.0,-0.0376529,-0.0056784,-0.0693087,-0.0265041,0.041352,0.0684728,-0.0096127,-0.0409705,0.0456571,0.0391825,-0.0141512,-0.05671,-0.0339041,-0.0411687,0.1587937,-0.0672174,0.0116617,0.0522533,0.0152225,-0.0078048,0.125438,-0.0009729,-0.0777643,-0.0268296,-0.0714515,-0.0043886,-0.0300369,-0.0133476,-0.0483493,0.034941,-0.0181703,0.0701224,0.0038026,-0.045434,0.0454634,-0.03911,0.0648635,-0.0260839,-0.0395193,0.065611,-0.0643274,0.0177708,0.0529924,0.0103379,0.0113007,0.0603646,0.0023062,0.0592845,-0.0011351,-0.0115208,-0.0152262,-0.001341,-0.0340968,-0.0617369,0.0169788,0.0511963,0.05511,-0.0356969,-0.0908324,-0.0007991,0.0419863,-0.0359945,-0.0535787,0.0382642]"
252403,Data Analyst,11,sentence-transformers/all-MiniLM-L6-v2,"[-0.0155392,-0.0057372,0.0428684,0.0478962,-0.0928083,-0.0216427,-0.0873101,0.0260525,-0.0871491,0.0227061,-0.0287413,-0.078387,0.0354069,-0.0096449,-0.067493,0.0073372,0.0122257,-0.0737954,0.0325307,-0.0633573,0.0518096,0.0043806,0.0277419,-0.0562437,-0.0578296,-0.0114787,0.0665877,-0.0706187,-0.0105578,-0.0329123,0.0280845,0.0008189,0.0678133,0.0794408,0.0626825,0.0760651,0.0098896,0.0297401,0.0146076,-0.0400329,-0.0297552,-0.065454,-0.0506092,-0.0528025,0.044429,-0.061671,0.0197714,-0.0886309,-0.0604049,0.0025672,-0.0560575,-0.0829679,0.0298484,-0.0120919,-0.0342278,0.0130763,-0.0409067,0.0322324,-0.0468721,0.0271902,-0.0433882,0.0571339,-0.0771494,0.0074807,0.010873,-0.0505856,-0.0198061,0.0987947,0.0081051,-0.0264789,0.0459593,-0.0435232,-0.0954892,0.0632759,0.0744148,-0.0605283,0.038424,0.0168954,0.0551195,-0.0709457,-0.0031322,0.0368952,-0.0316763,0.0499977,-0.0924064,-0.0400451,-0.0421018,0.0483452,0.0013758,-0.015043,0.0670083,-0.0720398,0.0142178,0.0478565,0.0171684,-0.013796,-0.0241127,-0.0189543,0.0520271,0.024926,-0.0490005,-0.0133915,-0.0718637,0.0510836,-0.1124253,0.0687189,0.007852,0.052236,-0.0400386,-0.0018414,-0.010502,0.0101098,-0.1260883,-0.0069118,0.0284852,0.0715926,-0.1062371,0.0355651,0.1191009,0.0244026,0.0238234,0.0442011,-0.0698898,-0.0458686,-0.0767228,-0.0414333,0.0223816,0.0,0.0153406,0.0673026,-0.0234266,0.1120525,0.0010314,0.0252802,0.0218389,0.0258765,0.0005818,0.066047,0.0658054,0.0526627,-0.0688189,-0.0533383,0.0125083,0.0401847,0.0250179,0.0818764,0.0341561,0.0289012,0.0055646,0.0156338,0.0030304,0.0319306,0.082291,0.0028153,-0.0408334,0.0171411,0.1367988,0.0056328,0.0567456,-0.0143981,-0.0895178,-0.0601882,0.003071,0.0386862,-0.0106336,-0.0747144,0.0340668,0.0072675,-0.0505152,-0.0166412,0.0828963,0.0170072,-0.0222973,0.0111071,0.090107,-0.0047588,0.0972268,0.119561,-0.0294525,-0.0655189,-0.0454223,0.0017539,0.0505989,0.0431381,0.0324601,0.0050308,0.010276,-0.01364,0.0309429,-0.0065702,-0.0697344,0.0370206,0.0013098,-0.0149608,0.0215553,-0.020092,0.1546895,-0.079442,-0.0818119,-0.0341192,0.046092,0.0283506,0.01163,-0.0750014,-0.0336164,-0.0355457,-0.0039506,0.1188496,-0.0432137,0.0475318,0.005798,-0.0162855,0.0980923,-0.0354177,0.0106838,-0.0440893,0.0384971,0.0592983,-0.0067097,0.0279956,-0.057654,0.1504928,-0.0120163,-0.0,0.0786805,0.0031205,-0.0515546,0.0477744,0.0848994,0.0027254,-0.0247732,0.1193463,-0.02895,-0.0712501,-0.0511298,-0.0154119,-0.0375207,0.0332933,-0.0998387,0.0100078,-0.0200495,-0.0742455,-0.0758119,0.0030349,-0.0174059,0.0107239,-0.0445975,0.0331789,0.0177671,-0.0079121,0.0010055,-0.0227485,-0.019639,0.0628428,0.0093834,-0.0784659,-0.049588,0.03151,-0.0592838,-0.0449212,0.0585167,-0.0598922,-0.0008604,0.1192747,0.042296,-0.0027876,0.0832729,-0.0196844,0.0198969,-0.036316,-0.0072307,-0.0059209,0.0557215,-0.0638449,0.0286556,0.001976,-0.0313611,-0.0852428,0.1047909,-0.0218309,0.0581127,-0.0499682,0.0100046,0.0113327,0.1231536,0.027837,0.0338213,0.0633562,-0.0281139,-0.0168115,0.0054447,0.0247573,-0.0846834,-0.0144081,0.073133,0.0053642,-0.0159889,-0.0500236,-0.0760004,-0.0345109,-0.0218572,-0.023359,0.0111663,0.0167472,-0.1099876,-0.001026,-0.0022759,0.0469639,-0.0194017,0.072137,0.0618036,-0.0554448,0.0484759,-0.078912,0.0119367,-0.0682918,0.0175797,0.0248065,-0.0351289,-0.0,-0.0309969,-0.0062545,-0.0388222,-0.0228659,0.0238625,0.0131659,0.0002081,-0.0426805,0.0762919,0.0267798,-0.0192067,-0.0582063,-0.0513894,-0.0437568,0.1230925,-0.0477885,-0.0182431,0.0706202,0.0194355,0.0001833,0.0813197,0.0161657,-0.0731289,-0.0379891,-0.0566156,-0.0188133,-0.0178431,0.0057597,-0.0395315,0.0397647,-0.0229268,0.051246,0.0023082,-0.0333672,0.0257507,-0.0309481,0.0324243,-0.0257308,-0.046951,0.0749014,-0.0440225,0.0212312,0.0441565,0.0054166,0.0410646,0.0834776,-0.0085271,0.0805712,0.0173449,-0.006386,0.0073715,-0.0044453,-0.0374875,-0.0518309,0.0069692,0.0343612,0.0663674,-0.053896,-0.0977043,-0.0232937,0.0425532,-0.0697984,-0.0668658,0.0399693]"
252416,Business Data Analyst,5,sentence-transformers/all-MiniLM-L6-v2,"[-0.0134593,0.0282339,0.0187212,0.0387877,-0.0850391,-0.0268026,-0.0581929,0.0035271,-0.1102314,-0.0152128,-0.0040638,-0.0967838,0.0416876,-0.0027459,-0.0167733,0.0042141,0.0119399,-0.0763615,0.0656939,-0.0469534,0.0344896,0.0022039,0.0409101,-0.0753939,-0.0360183,0.0042508,0.0636424,-0.0461035,-0.0221512,0.0032047,0.045128,-0.0002783,0.0911969,0.0560154,0.1106987,0.093836,0.0271887,0.0260419,0.0197497,-0.0375704,-0.0348563,-0.0752968,-0.0497416,-0.0801837,0.0454288,-0.0766921,-0.0062537,-0.0653039,-0.0570665,-0.0131387,-0.0595943,-0.0581041,0.028736,-0.0032406,-0.0299076,0.0026973,-0.0271712,0.0541786,-0.0502289,-0.003755,-0.0358227,0.0406585,-0.0597236,0.0140428,0.035831,-0.017997,-0.0345533,0.0577989,-0.0073542,-0.0079933,0.0042348,-0.0677327,-0.1260116,0.0359818,0.046622,-0.0574899,0.0509235,0.0178531,0.0425343,-0.0930391,-0.0097575,0.0199766,-0.0426832,0.0466195,-0.1105131,-0.0331368,-0.046647,0.0432609,0.0175046,-0.0265292,0.0552539,-0.0763571,-0.0200859,0.0370751,0.0081328,-0.0580818,-0.0151908,-0.0033913,0.0212854,0.0276224,-0.0293473,-0.0498386,-0.0117776,0.0187107,-0.0990559,0.0702241,0.0108387,0.0580088,-0.0549353,0.0005869,-0.0282091,0.0023965,-0.1217819,-0.0319448,0.0617052,0.0835403,-0.1248712,0.0586135,0.1170363,0.0369869,0.0317816,0.0774354,-0.0546868,-0.0579652,-0.0733828,-0.0353784,0.0038263,0.0,0.0083703,0.0489143,-0.0328314,0.1086337,0.0063436,0.0199694,0.044592,0.0575716,0.0259627,0.1014938,0.0913258,0.0555664,-0.0569883,-0.0570806,0.0204163,0.0513677,0.0395437,0.0603056,0.0418076,0.0233024,0.0280982,-0.0123701,-0.0048066,0.0426655,0.0860921,0.0034471,-0.0455844,0.0402603,0.128408,0.0019818,0.092859,-0.0015263,-0.0914306,-0.0549844,-0.0002963,0.0271047,-0.0051692,-0.0487521,0.0297376,-0.0416152,-0.0700367,-0.0130983,0.0936813,0.0078768,0.0038932,0.0062567,0.0964994,-0.0125656,0.0939016,0.1563647,-0.0436831,-0.0699322,-0.0429127,0.0234848,0.0328873,0.0148123,0.0446891,-8.22e-05,-0.0117738,-0.0262971,0.0532979,-0.0264937,-0.0699924,-0.0131494,-0.0058191,0.0174852,0.0492617,0.003162,0.1426945,-0.0716399,-0.0516313,-0.0082036,0.0521193,0.052238,0.0218304,-0.0647079,-0.0235618,-0.0273204,0.005464,0.1290172,-0.0351593,0.0245922,-0.0014233,-0.0121351,0.1003394,-0.001026,0.0252802,-0.0598741,0.0181949,0.0132004,0.0046523,0.0383399,-0.0756306,0.1135734,0.0164441,-0.0,0.0937532,-0.0025264,-0.0466062,0.0441667,0.0622282,0.0079084,-0.0205865,0.097743,-0.0329326,-0.0469154,-0.0809014,-0.0197887,-0.0299776,0.028253,-0.1034597,0.0165371,-0.027495,-0.0806974,-0.0734759,0.0015451,-0.0080012,0.0444537,-0.0281089,0.0288076,0.0065648,0.0187964,0.0111288,-0.0360896,-0.0130572,0.0457295,0.002033,-0.0411493,-0.0528088,0.0510295,-0.0435434,-0.0799945,0.0269129,-0.0562957,-0.007995,0.0891197,0.0543695,-0.0121432,0.0526833,-0.0212014,0.0090003,-0.0421157,0.0285868,-0.0057854,0.0813569,-0.0865756,0.0292126,0.0145025,-0.0256916,-0.0366497,0.0525197,0.0001002,0.0535569,-0.0780402,0.001473,-0.0101571,0.0920309,0.0344013,0.0457944,0.0801455,-0.0254266,-0.0313522,-0.021268,0.0122034,-0.0549287,-0.045838,0.0571294,-0.0062887,0.0051263,-0.0517274,-0.1176916,-0.0110417,-0.0202163,-0.0202469,0.0139806,-0.0371371,-0.1064045,-0.0212972,-0.0015207,0.0574198,-0.025118,0.0513399,0.0433775,-0.1114306,0.0425725,-0.0778726,-0.0105757,-0.0261395,-0.0021064,0.0592204,-0.0515007,-0.0,-0.0364625,0.017845,-0.0492149,-0.0206757,0.0367296,0.0492927,-0.0155205,-0.0393464,0.0721801,0.0273548,-0.0578749,-0.0416535,-0.0443339,-0.0120817,0.0725013,-0.0555794,0.0262499,0.0657212,0.0233744,0.0242301,0.0701403,5e-05,-0.0756958,-0.0267827,-0.063982,-0.0329034,-0.0614991,0.0287422,-0.0322959,0.0221445,-0.0081778,0.0432101,-0.0008167,-0.0564533,0.0398273,-0.0207001,0.038227,-0.0351951,-0.0697274,0.0573216,-0.0678784,-0.00549,0.012979,0.0037711,0.0312148,0.058314,-0.0475586,0.0590021,0.0176295,-0.0067801,0.0084527,0.0060579,-0.015016,-0.0749854,0.0210386,0.0507981,0.0887041,-0.0540739,-0.0785661,0.034508,0.0310232,-0.0456101,-0.050665,0.0370208]"
254302,Graphic Designer,40,sentence-transformers/all-MiniLM-L6-v2,"[0.0009597,0.0226423,0.0352013,0.0289959,-0.1047206,-0.0339054,-0.0902246,0.0014201,-0.1145397,-0.0059192,-0.0655071,-0.0709811,0.0660258,-0.024129,-0.0483613,0.0194647,0.023622,-0.0559636,0.0459816,-0.03386,0.0511816,-0.0266413,0.0341101,-0.0637363,0.0098561,0.0108736,0.0751664,-0.0405369,0.0056231,-0.0314848,-0.0029431,0.032299,0.0658976,0.0429398,0.0490521,0.0857192,0.0162526,0.0458317,-0.0166628,-0.035839,-0.0702509,-0.071258,-0.0523372,-0.0618249,0.0493164,-0.0473515,-0.0295813,-0.0659654,-0.0651371,0.0538471,-0.0641736,-0.1120095,-0.006129,-0.0394291,0.0060422,0.0328383,-0.0349663,0.0264106,-0.0304706,0.0097266,-0.049725,0.0469505,-0.0650082,0.0324719,-0.011311,-0.0375391,0.0046631,0.0635208,0.0175817,-0.0554561,0.0772316,-0.0451466,-0.0892986,0.0557858,0.0630368,-0.0756152,0.060388,-0.0210245,0.035529,-0.0901957,0.0245517,0.0267893,-0.0179906,0.0619459,-0.0685687,-0.0199194,-0.0670138,0.0514388,0.0219547,-0.0169945,0.0157838,-0.0413686,-0.0122505,0.040395,0.0178178,-0.0424629,-0.0134246,-0.0103579,0.0416847,0.0126358,-0.0570911,-0.0642615,-0.010276,0.0430108,-0.0776619,0.0537785,0.0053511,0.0739874,-0.0980368,-0.00512,0.0072499,0.0182951,-0.0904792,-0.0035324,0.0482714,0.0788412,-0.1071981,0.0155897,0.1138557,-0.004537,0.0068455,0.0910121,-0.0580536,-0.0551828,-0.1095106,-0.0715413,-0.001265,0.0,0.030229,0.054248,-0.0148966,0.1160689,0.0218238,0.0027142,0.0272785,0.028059,0.0336904,0.0438077,0.0907312,0.0057958,-0.0632847,0.0350029,0.049897,0.0330518,0.0578353,0.0352472,0.0068726,0.036166,-0.0377322,-0.0007559,-0.0262185,0.0737596,0.0246263,0.0471281,-0.0476097,0.0161878,0.0719768,-0.0097184,0.0204803,-0.0049935,-0.040516,-0.0705665,-0.0310741,0.0153431,0.0291472,-0.0795024,0.0416873,0.0062923,-0.0519488,-0.0113735,0.0259335,0.0161233,-0.0166891,0.0661481,0.0855698,-0.002838,0.1081202,0.1306699,-0.0213734,-0.014196,-0.0356709,0.0420909,0.0519091,0.0181351,0.0072623,-0.0104877,0.0066992,-0.0182952,0.0460606,0.0353928,-0.0463868,0.0569205,0.0130272,0.0240573,0.069707,0.0149405,0.1340824,-0.0845279,-0.1028522,-0.0197079,0.0557678,-0.0383764,0.0108681,-0.0483556,-0.0211354,-0.0645663,0.0032328,0.1536565,-0.060675,0.0682993,-0.0082398,-0.039639,0.0964915,0.0219063,0.036196,-0.0409891,0.0021498,0.0666181,-0.0270101,0.003683,-0.0364305,0.1036203,-0.0026895,-0.0,0.0403014,0.0225786,-0.0392611,0.0622214,0.0713375,-0.0138773,-0.0424107,0.0824809,0.001799,-0.0700131,-0.0499556,0.0107396,-0.0718831,-0.0156088,-0.1201255,-0.00595,-0.0428268,-0.0588545,-0.126985,0.009937,0.0197782,0.0368213,-0.069784,0.0207782,0.000426,0.0223427,0.0049017,-0.0137445,-0.0088372,0.0918119,0.0193904,-0.0808236,0.0196519,0.0110282,0.0005576,-0.0474079,0.0516984,-0.0374873,-0.0017755,0.0809815,0.0187541,-0.01866,0.0658011,0.0137841,-0.0310598,-0.0177309,-0.0225639,-0.0106567,0.0581493,-0.0516667,0.0387345,-0.0076718,-0.011585,-0.0723394,0.0608991,-0.0720898,0.0376852,-0.0545573,0.0381149,0.0164549,0.0776997,0.0078104,0.0261464,0.0299772,-0.027505,-0.0044049,-0.0135838,0.0183893,-0.0779832,0.003324,0.0633238,0.0567263,-0.0154247,0.0078902,-0.1078067,-0.0335491,-0.0056678,0.0064809,-0.0017222,0.0263133,-0.0970604,-0.0242406,-0.0085835,0.0658493,-0.0147261,0.0727444,-0.0163975,-0.1016253,0.0513861,-0.0809831,0.0280914,-0.0105996,0.022737,0.0217203,-0.0582663,-0.0,-0.028128,0.0002049,-0.0425947,-0.0611336,0.0206662,0.0657034,0.0291613,-0.0736156,0.0546401,0.0247666,-0.0008615,-0.0530496,-0.0116099,-0.0353845,0.1259332,-0.1071091,0.0310166,0.077695,0.0247743,-0.0411763,0.0815995,-0.0227512,-0.0590132,-0.042764,-0.1079039,-0.0177638,-0.0403967,-0.0404218,-0.0684141,0.0277995,-0.024976,0.0744779,0.0380928,0.0048183,0.0526795,-0.0477418,0.0314003,-0.064129,-0.0939081,0.0672183,-0.0102976,0.0358456,0.0491393,0.0113274,0.008413,0.0299005,0.0454241,0.042141,0.0147442,0.0551876,-0.0094816,0.0245462,-0.0387511,-0.0810991,0.0131711,0.0649648,0.0804945,-0.0061341,-0.0713884,0.0217517,0.0421815,-0.0376137,-0.0471923,0.0229291]"
254309,Character Designer,13,sentence-transformers/all-MiniLM-L6-v2,"[-0.0086799,0.0060874,0.0320469,-0.0003917,-0.0941768,0.0340087,-0.0646415,0.0108153,-0.0867254,0.0071905,-0.0160978,-0.0637506,0.0131499,-0.003498,-0.092164,0.0212704,0.030698,-0.0222947,0.0457942,-0.0667141,0.0354566,-0.0169712,0.0654992,-0.0191351,-0.0255098,0.0273317,0.0022832,-0.0492306,0.0202112,-0.0389575,-0.0067442,0.013662,0.0784664,0.0193176,0.044309,0.0810461,0.0075034,0.0453954,-0.0378133,-0.0324342,-0.0341611,-0.0399647,-0.0328341,-0.0798712,0.0432585,-0.0026958,0.0076476,-0.1165353,-0.0432743,0.0480605,-0.0753845,-0.0957178,0.0342233,-0.0312766,0.0028818,0.0015491,-0.0016567,0.0501814,0.0027012,0.0346417,-0.0696173,0.0817263,-0.0738205,0.0073966,0.0017285,-0.0658823,-0.0286358,0.0685298,0.0612477,-0.034724,0.0311153,-0.0696509,-0.0400303,0.0470658,0.0180894,-0.0616732,0.048465,0.0095768,0.0173999,-0.1230173,0.0034733,-0.0559739,-0.010666,0.0288803,-0.0788567,0.0070271,-0.0353897,0.0633185,0.0294624,0.0207507,-0.0106821,-0.0691195,0.0376354,0.0037151,0.0336401,0.0019736,-0.066689,-0.0242814,0.0482094,0.0181475,-0.0289044,-0.0608213,-0.004687,0.0472188,-0.0899504,0.0226325,0.0268304,0.0402216,-0.046428,-0.0187332,-0.0009538,0.0091014,-0.081255,0.0185254,0.058235,0.0961732,-0.0889522,-0.0044941,0.0889175,0.00158,0.0828555,0.0837432,0.0014676,-0.0413865,-0.0961291,-0.0526847,0.0125835,0.0,0.0074499,0.0497577,-0.0178416,0.1333136,0.0025288,0.0072603,0.0189186,0.0335466,0.0283543,0.0767658,0.101525,0.0128973,-0.0602569,-0.0296385,0.0314011,0.0187712,0.011668,0.0235447,0.0105403,0.0494013,0.0046335,-0.0094007,-0.040992,0.0712402,0.0311039,-0.0156773,-0.0745746,-0.0042676,0.0593288,0.0031995,0.0221575,-0.0009469,-0.0937189,-0.0632396,0.0284293,-0.0367469,0.0229827,-0.0893526,0.0191119,0.0119149,-0.0368421,-0.0707488,-0.0090356,0.0183465,0.0147872,-0.01324,0.1074836,0.0323311,0.0832464,0.1396645,-0.0010453,-0.0392244,-0.0318502,-0.0520369,0.0629969,0.0456776,0.0206973,0.0303391,-0.0173367,-0.0206789,0.026463,0.0289484,-0.0567587,0.0186484,-0.0201388,0.0040061,0.0589546,0.0249644,0.1555793,-0.0700403,-0.1014734,-0.0520903,0.0631289,-0.0044312,0.0284103,-0.0689077,-0.0344681,-0.0351661,-0.0029822,0.1327425,-0.0056665,0.0322945,-0.0308728,-0.0558017,0.1073832,-0.0531658,0.0247558,-0.0396899,-0.007932,0.0624754,-0.011518,0.0364995,-0.0784679,0.1235312,0.0034281,-0.0,0.0630851,0.0301616,-0.0508645,0.0366283,0.0676553,-0.0174944,0.0176004,0.0887785,-0.0049409,-0.0443436,-0.0509084,-0.0528781,-0.0433941,0.0085396,-0.114158,-0.0059048,-0.0275559,-0.0503716,-0.0727998,-0.0104331,0.0095077,0.0288608,-0.0681853,0.0318381,-0.0070366,0.0432858,0.0091706,0.0195724,-0.0085618,0.0900779,0.0163527,-0.0903987,0.0231201,0.0559434,-0.0535217,-0.0567934,0.0384711,-0.0427294,-0.028208,0.0572741,0.0146224,-0.0481073,0.0741578,-0.0165605,0.0080002,-0.015915,-0.0260595,0.0276699,0.0309668,-0.0329474,0.0122068,-0.0081124,-0.0305964,-0.0744733,0.0736727,-0.0634362,0.0701064,-0.071934,-0.0066303,0.0137934,0.1297059,-0.0078279,0.028514,0.071779,-0.008181,-0.0111824,0.0093906,0.022809,-0.0973028,-0.0261133,0.0449658,0.0285422,0.0285509,-0.0364097,-0.1389586,0.0215992,0.0296322,-0.0151997,0.0335572,-0.0396404,-0.1238981,-0.042433,0.0114537,0.0491483,-0.0144182,0.0961311,-0.0528368,-0.0665847,0.0911928,-0.056895,0.0483969,0.0046532,0.0306978,-0.0013463,-0.0108739,-0.0,-0.0693685,0.012526,-0.0076124,-0.0448215,0.0485697,0.0468453,-0.0098738,-0.0340715,0.0325882,0.0161139,-0.0187531,-0.0383836,0.0204439,-0.0122303,0.1380904,-0.0828365,0.0438465,0.1082891,0.0189509,-0.009542,0.0582463,-0.0284717,-0.07631,-0.0671557,-0.1410878,-0.0582601,-0.0154592,-0.0083176,-0.0551198,-0.0001436,-6.02e-05,0.0623929,0.0301606,-0.0388579,0.0140754,-0.0402393,0.0204437,-0.0605348,-0.0895283,0.046131,-0.0080472,0.0546421,0.0348069,0.0162583,0.0409916,0.0803718,0.0191547,0.0465594,0.0040812,0.0432308,0.0228962,-0.0198126,-0.0273291,-0.0403215,0.0484553,0.089847,0.0573803,-0.0438908,-0.0749676,0.0042342,0.038073,-0.0347828,-0.0239013,0.0363666]"
254316,Digital Designer,10,sentence-transformers/all-MiniLM-L6-v2,"[-0.0072567,0.0098054,0.0357101,0.0397844,-0.0528686,-0.0263854,-0.0778397,0.0073894,-0.1086234,-0.0085732,-0.0664497,-0.063433,0.0441183,-0.0115396,-0.0244393,0.023396,0.0165475,-0.0649586,0.0521435,-0.0556801,0.0536514,-0.021065,0.0237884,-0.0653496,-0.0074417,-0.0111332,0.0816668,-0.0363445,-0.0121095,-0.0467934,0.0243804,0.0339303,0.0557221,0.0420357,0.0649908,0.0993129,-0.0090232,0.0211001,-0.0289288,-0.0184814,-0.0728999,-0.0770012,-0.0352895,-0.0637299,0.0415238,-0.0675713,0.0009303,-0.0667158,-0.0447846,0.0456523,-0.0664585,-0.1112905,0.0063709,-0.0370432,-0.0076965,0.018433,-0.0229291,0.0272412,-0.0234183,0.016636,-0.0386179,0.0396163,-0.0534503,0.0368754,0.0018104,-0.0244578,-0.0120662,0.0902085,0.0124283,-0.0491666,0.0653447,-0.0483648,-0.1174672,0.050671,0.0660006,-0.0789612,0.0542783,0.0121034,0.0604853,-0.0605574,0.0118151,0.0110704,-0.0253283,0.0562261,-0.0795063,-0.015788,-0.0751716,0.0639922,0.0388935,-0.0006136,0.0226712,-0.0510676,-0.0047409,0.0800282,0.0222657,-0.0433298,-0.0143563,-0.0238367,0.0265706,0.0285597,-0.0575831,-0.0504197,-0.0397058,0.0208849,-0.1037141,0.0518689,0.004717,0.0869583,-0.0692347,-0.0024515,0.005314,0.0057367,-0.0812201,-0.0102177,0.0385889,0.0681676,-0.1064955,0.0228996,0.1185401,0.0035379,0.0235559,0.0790613,-0.051679,-0.0627116,-0.1150665,-0.0767681,-0.0046955,0.0,0.0254798,0.0525017,-0.0295701,0.1198894,0.0215668,0.0141342,0.0400632,0.0628922,0.0075125,0.030001,0.1049849,0.020914,-0.0546635,0.0187266,0.0524114,0.0043143,0.0392365,0.045334,0.0297438,0.0177976,-0.0373173,-0.007768,-0.0274409,0.0717334,0.0519825,0.0251085,-0.0265412,0.0281057,0.0777621,0.0039934,0.0159313,-0.0075879,-0.0597551,-0.0645707,0.0003346,0.0269407,-0.0056759,-0.0850588,0.0154841,0.0148541,-0.0693293,-0.0135334,0.0245489,0.0112408,-0.0047895,0.0326685,0.0756432,-0.0163028,0.1099338,0.1008487,-0.023907,-0.0173592,-0.0338514,0.0205064,0.0471809,0.0326141,-0.0033566,-0.0033298,-0.0083569,-0.0057172,0.0379255,0.0234056,-0.0521791,0.0468877,0.010567,0.0322954,0.0739435,-0.0041581,0.1514119,-0.0826535,-0.0822328,-0.0232595,0.0522128,-0.0187274,-0.0006371,-0.0490687,-0.0226975,-0.0248831,0.0075927,0.1531548,-0.0509976,0.0521772,0.0025416,-0.0357168,0.085372,0.0100835,0.020393,-0.0240475,0.0101316,0.0715869,-0.0068752,0.0068256,-0.0629484,0.1205885,0.001772,-0.0,0.0154351,0.0146486,-0.0393017,0.0622202,0.1041587,-0.0205185,-0.0365738,0.0941631,0.0150812,-0.0487691,-0.0559306,0.0049906,-0.0725507,0.019447,-0.110848,0.014463,-0.041541,-0.0849214,-0.1232001,-0.0028532,0.0337845,0.0422875,-0.0563054,0.0147703,-0.0134193,0.0128245,-0.0036556,-0.0134806,-0.0102789,0.0879359,0.029408,-0.0717192,-0.0332128,0.0152006,-0.025431,-0.0340723,0.0458606,-0.0357542,-0.0029133,0.0914726,0.0428803,-0.0167775,0.0588921,-0.0042538,-0.0315142,0.0036717,-0.0043926,-0.0173318,0.0543041,-0.0470312,0.0182324,0.0144062,-0.022714,-0.0774835,0.0806865,-0.0816067,0.0422451,-0.0634706,-0.0009047,0.0253965,0.0956181,0.0270118,0.044601,0.0544237,-0.0301166,-0.0156177,0.0052083,0.0379443,-0.107443,-0.0052817,0.0737739,0.0678528,-0.0263793,-0.0063162,-0.1206559,-0.0500412,-0.013404,0.0220361,-0.0016198,0.0088319,-0.1065856,0.0016303,-0.0091719,0.0610029,0.0017374,0.0754024,0.0044989,-0.0792937,0.0620093,-0.0891303,0.0204186,-0.0419303,0.0100566,0.0217779,-0.0552526,-0.0,-0.0357922,0.002344,-0.0467324,-0.0587351,0.0162762,0.0669297,-0.0003729,-0.0579404,0.0615958,0.0116108,-0.0169206,-0.0412773,-0.0241893,-0.0140715,0.1228619,-0.106593,0.0175364,0.0836059,0.0282863,-0.0423436,0.1046575,-0.0186168,-0.0429919,-0.0315711,-0.0815464,-0.0002785,-0.0366255,-0.0313049,-0.0463569,0.0249952,-0.0336083,0.0725761,0.0094669,-0.0167294,0.0534443,-0.04119,0.043633,-0.0633464,-0.077177,0.0643359,-0.0552722,0.0221619,0.0600793,0.0090519,0.0125536,0.0511922,0.0037309,0.0466956,0.0047818,0.0192549,-0.0282605,-0.0022147,-0.0337576,-0.0802469,0.027095,0.0490749,0.0659228,-0.0331829,-0.0893504,0.0179632,0.0602738,-0.0491473,-0.0603372,0.0454913]"
283302,Translator,12,sentence-transformers/all-MiniLM-L6-v2,"[0.0074574,0.0150501,0.0366974,0.0422027,-0.0974682,0.0155122,-0.0933726,0.0117039,-0.0681729,-0.0094179,-0.0143914,-0.0328171,0.0050433,0.0191975,-0.0290039,0.0097302,0.0080884,-0.0503259,0.0427976,-0.0722701,0.0370495,-0.0070914,0.0174169,-0.0163237,-0.0273375,-0.0340229,0.0546715,-0.0492768,0.0038101,-0.006058,0.037205,-0.0180376,0.0700268,0.0514035,0.0379304,0.0979834,0.0073084,0.0557657,0.002596,0.0071013,-0.0268653,-0.0537926,-0.0347764,-0.0313399,0.0417339,-0.0477393,0.0020663,-0.0698891,-0.0552973,0.0169088,-0.0609794,-0.0744084,0.03002,-0.0480907,0.0174464,0.0081106,-0.0477761,0.032109,-0.0441869,0.0578464,-0.0708477,0.0639379,-0.0649066,-0.0041747,-0.0243794,-0.0560432,-0.0339641,0.0937228,0.0304259,-0.0361654,0.0351834,-0.0543893,-0.0908792,0.0404725,0.0624535,-0.0458673,0.0524266,0.0008857,0.0154583,-0.1234588,-0.0253766,1.16e-05,0.0144483,0.0396441,-0.0791922,-0.0241582,-0.0482783,0.0655003,-0.0011814,0.002692,0.0618465,-0.0836661,-0.0277057,0.0151594,0.0274667,0.0150125,-0.0693879,-0.0032867,0.0314273,0.0074564,-0.0407161,-0.0485205,-0.0726916,0.0478564,-0.0751105,0.070927,0.0164708,0.0607815,-0.0495779,0.0074795,0.0030809,0.0393083,-0.098051,0.0115854,0.0354868,0.0828981,-0.0758095,0.009216,0.0911381,0.0065132,0.0179799,0.0728275,-0.0116393,-0.0630766,-0.0984899,-0.0302402,0.0287488,0.0,-0.001939,0.0655196,-0.0156389,0.1268484,-0.0360889,0.0118231,0.0398099,0.0097124,0.0288693,0.0618959,0.1040676,0.0307162,-0.0365661,-0.0309794,-0.0011579,0.0420149,0.0143818,0.0618759,0.0119052,0.0423982,-0.0105416,0.0167208,-0.0201367,0.0452805,0.0524637,0.0114264,-0.0233078,0.0158662,0.0852957,-0.0076281,0.0363706,0.0059273,-0.0714113,-0.0635451,0.0104642,0.0174689,0.021432,-0.0447172,0.0163916,-0.0083368,-0.0318583,-0.0497623,0.0696217,0.0200648,-0.018587,0.0054032,0.0740843,-0.0149308,0.0660591,0.1276721,-0.0303891,-0.0857089,-0.0329487,-0.0107968,0.0686809,0.038181,0.0166428,0.0442309,-0.0146543,-0.0194873,0.061815,-0.0032042,-0.0779112,0.0508001,0.0403693,0.0101009,0.0282943,-0.0031218,0.1447331,-0.1012963,-0.0775918,-0.0088389,0.0471161,0.0041425,0.0223194,-0.0985351,-0.0229455,-0.0784806,0.0130212,0.1327617,-0.0088974,0.0426728,0.0180857,-0.0108944,0.0792404,-0.0575757,0.0039945,-0.0403232,0.0514009,0.0636034,-0.0166676,0.0208298,-0.0501391,0.1397583,0.0087663,-0.0,0.0798252,0.0226048,-0.016373,0.0470373,0.0818697,-0.0232975,-0.0003973,0.1576009,-0.0295933,-0.0665053,-0.0484904,-0.0227098,-0.0664783,0.0206757,-0.1223174,0.004662,-0.0570212,-0.0519274,-0.0631393,-0.0221063,0.0150588,0.0361933,-0.0313464,0.0472224,0.0111545,0.0110566,-0.0110924,0.0100115,-0.0426038,0.0508867,0.0375812,-0.076208,0.0125378,0.0086373,-0.0801984,-0.0424553,0.0296018,-0.0499776,-0.0056189,0.123556,0.0070571,-0.0590167,0.0817806,-0.0331257,0.0206856,-0.031792,0.0196372,-0.0384772,0.0618532,-0.0340516,-0.0165392,-0.033365,-0.0621391,-0.0642346,0.0941338,-0.0580619,0.092701,-0.0750323,0.0118789,-0.0049408,0.1203475,0.0072859,0.0191497,0.0829837,-0.0028893,-0.0269674,0.0137413,0.0405544,-0.0616227,0.0005424,0.029663,0.0295989,0.0078013,-0.0313813,-0.1109007,0.007829,0.000103,-0.0362634,-0.0013067,-0.0267823,-0.1319188,-0.0888661,-0.0155568,0.0373468,-0.0105611,0.0610714,0.0417392,-0.044324,0.0703953,-0.0715119,0.0444463,-0.0488572,0.0323565,-0.0128673,-0.0646567,-0.0,-0.0563621,0.0201479,-0.0286037,-0.021704,0.0172895,0.0542649,-0.0151318,-0.0609172,0.056541,0.037206,-0.0364809,-0.0342566,-0.0227995,-0.0605671,0.1027227,-0.0723436,3.46e-05,0.1022896,0.03154,0.005129,0.0529425,-0.0036944,-0.080855,-0.0472855,-0.1057326,-0.0472354,-0.0411589,0.0450266,-0.0439536,0.0127928,-0.009857,0.0544689,0.0240067,-0.0310671,0.0240451,-0.0140154,0.0088426,-0.0619168,-0.0431036,0.0772807,-0.0570336,0.0390464,0.0159727,-0.0002692,0.0508595,0.0783679,-0.0194712,0.0902061,0.001282,0.0111442,0.0321267,-0.0006711,-0.0398708,-0.1092646,0.0114306,0.0769997,0.0578537,-0.0551635,-0.0853918,-0.0255611,0.0138555,-0.042337,-0.0376627,0.0193925]"
283303,Interpreter,11,sentence-transformers/all-MiniLM-L6-v2,"[-0.0071709,0.0239456,0.0448222,0.0209113,-0.1094867,0.0189551,-0.0864732,0.0194432,-0.0849002,-0.0154355,-0.0304131,-0.0453802,0.0649496,0.0208259,-0.0228399,0.0105599,0.0123317,-0.0434804,0.0598527,-0.0688907,0.0284921,-0.0007698,0.0010955,-0.0363221,-0.0050841,-0.0086464,0.0360101,-0.061838,0.0030018,0.0122738,-0.0111701,-0.0110717,0.0474898,0.0646152,0.0486031,0.0818932,-0.0038009,0.040518,-0.0156062,-0.0372686,-0.0220763,-0.039295,-0.0428251,-0.0514368,0.0397744,-0.0480832,-0.0076033,-0.081395,-0.068503,0.0122802,-0.0707634,-0.1121505,0.0529953,-0.0344678,-0.0244541,-0.0061911,-0.0219917,0.0527457,-0.0505114,0.0406979,-0.0558988,0.0500508,-0.0679099,0.0100602,0.0084928,-0.0537426,-0.0471617,0.0880986,0.0236566,-0.0103237,0.0074899,-0.0378328,-0.0291168,0.045319,0.0521403,-0.0775362,0.0260907,-0.0179216,0.0178733,-0.1014635,-0.0297795,0.0086878,-0.0187912,0.0303596,-0.0867868,-0.0057761,-0.0591167,0.0443663,-0.0120283,0.0041678,0.0481682,-0.0951126,-0.0192982,0.0441858,0.0309924,-0.0020898,-0.0455672,0.0120592,0.0250874,-0.0013536,-0.05899,-0.0660308,-0.0294898,0.0154847,-0.091723,0.0571201,-0.0078416,0.0572436,-0.0627747,-0.0434237,0.0031702,0.0138555,-0.1005724,0.0093586,0.0398935,0.0845161,-0.0667768,0.0273114,0.0991319,0.011739,0.0249352,0.0559689,-0.0011637,-0.0490152,-0.068522,-0.0388555,0.0387376,0.0,0.0240253,0.0633923,-0.038344,0.1299296,-0.0045209,0.0066487,0.0522256,0.0061939,0.0023767,0.0432264,0.1198008,0.0366104,-0.0357424,-0.0438702,-0.0037065,0.0331547,0.0416885,0.0537353,0.0207482,0.0319002,0.0137588,0.0299653,-0.014578,0.0747277,0.0517224,0.000361,-0.0318735,0.0121512,0.0714864,-0.0020261,0.0227716,-0.0128984,-0.0809372,-0.0574892,0.0243237,0.0147946,0.03005,-0.0756994,0.0364503,-0.0241958,-0.0246559,-0.0297742,0.0604592,0.0225605,0.0020393,-0.0061101,0.0739243,0.0051047,0.0821293,0.1268117,-0.0268683,-0.0443024,-0.0423685,0.0084409,0.0702196,0.0606703,0.0332447,0.0388027,-0.0085917,-0.0317081,0.053654,-0.0584557,-0.052526,0.0234587,0.0445147,0.0038966,0.0467321,-0.0050861,0.1466237,-0.0908909,-0.0931019,-0.0337417,0.0493299,0.0186992,0.03312,-0.0899206,-0.023663,-0.0771112,0.0149346,0.1324426,-0.0404102,0.0604156,-0.0051533,-0.0196782,0.0921621,-0.0540667,-0.0066105,-0.0656913,0.030765,0.0616017,-0.0069865,0.025133,-0.0875194,0.1326386,-0.000383,-0.0,0.0842298,0.0252585,-0.056586,0.0535279,0.0713863,-0.031489,-0.0058766,0.141804,-0.0018909,-0.05994,-0.0465989,-0.0308988,-0.0547068,0.0282976,-0.1277017,0.000499,-0.0442102,-0.0484222,-0.0315156,-0.0068146,-0.0059334,0.0518812,-0.0498026,0.0403734,0.0336366,-0.0005052,-0.0297307,0.0132369,-0.0183609,0.0716111,0.043308,-0.0731221,0.0242451,0.0288787,-0.0692198,-0.0262168,0.0507525,-0.0794165,-0.0036586,0.1197537,0.0422852,-0.0233387,0.0766695,-0.0395604,0.0048337,-0.0044597,0.0006621,0.0045455,0.0336618,-0.0735539,0.0369965,-0.0190745,-0.0465653,-0.0707367,0.1022803,-0.0698532,0.0905405,-0.0686882,-0.0093153,-0.0131406,0.1188633,-0.005795,0.0122849,0.0775346,-0.015364,-0.0224874,-0.0024563,0.0463455,-0.0629073,-0.0049873,0.0591859,0.0260654,-0.0221268,-0.0250214,-0.123644,-0.000424,-0.0137352,-0.0110143,0.0266609,-0.0431927,-0.1263814,-0.0459074,-0.0161286,0.0269676,0.0303378,0.0906673,0.0382357,-0.0439381,0.059349,-0.0628194,0.0360838,-0.0423425,0.0153591,0.0075688,-0.0401201,-0.0,-0.058153,0.0268887,-0.053247,-0.0169146,0.0128734,0.0602467,0.0093533,-0.0611077,0.0516039,0.0400362,-0.049423,-0.0744473,-0.0047831,-0.0644372,0.1198188,-0.0612521,0.0014927,0.0805741,0.0116909,0.0046281,0.0908429,0.0031827,-0.0877112,-0.0510306,-0.1147743,-0.0162879,-0.0514621,0.0404443,-0.0472714,8.55e-05,-0.017994,0.0300186,0.0083144,-0.0217889,0.041065,-0.0055282,-0.0020907,-0.0649307,-0.0231363,0.0983174,-0.0252249,0.0388211,0.0272583,0.0159661,0.0284057,0.0757812,-0.01239,0.0607701,-0.0010127,0.005051,0.032409,-0.0036002,-0.0627852,-0.0760568,0.0071425,0.0707181,0.083052,-0.0324163,-0.0674415,-0.0194546,0.0383472,0.0043039,-0.0384219,0.0219768]"
412107,Secretary,44,sentence-transformers/all-MiniLM-L6-v2,"[-0.0152889,0.0155598,0.0336899,0.0454481,-0.1178177,-0.0003802,-0.1228009,0.0118176,-0.0976913,0.0041698,-0.0092528,-0.0592982,-7.94e-05,0.0070947,-0.054819,0.0071631,0.0369052,-0.0569976,0.0319961,-0.0527437,0.0377906,-0.0011444,0.0085446,-0.0346479,-0.0393521,-0.0028627,0.0292828,-0.0693559,-0.032194,-0.0072733,0.0269686,-0.0414907,0.0911555,0.0698263,0.0706207,0.0951567,0.0406639,0.03633,0.0190714,-0.0276343,-0.0264595,-0.0775346,-0.0414193,-0.0416584,0.0262892,-0.0466972,0.005385,-0.0806362,-0.0480237,-0.0082036,-0.0342218,-0.0784167,0.041885,0.0098345,-0.0134626,0.0494027,-0.0463098,0.0332825,-0.0628402,0.0232615,-0.0843941,0.06885,-0.0767739,0.0252082,-0.0169788,-0.0553997,-0.0438566,0.0592779,0.0236582,-0.0470479,0.0305498,-0.025843,-0.088598,0.0441039,0.0674596,-0.0527469,0.0332639,0.0266657,0.0608006,-0.1090609,-0.0131109,0.0162574,-0.0114211,0.0630369,-0.0837628,-0.0311159,-0.0483527,0.0284221,-0.0062967,0.0053333,0.0637132,-0.0860987,-0.0050849,0.0160509,0.0014692,0.0150194,-0.0474503,0.0045396,0.0392803,0.0042046,-0.0330323,-0.046259,-0.059261,0.0435196,-0.0846373,0.0655005,0.0017362,0.0258863,-0.0449778,-0.0068725,-0.0064711,0.0066769,-0.1109843,-0.0041231,0.0282441,0.0836351,-0.0695499,0.0169526,0.0770976,0.0120464,0.0322607,0.0549542,-0.0278137,-0.0704376,-0.0579853,-0.02883,0.0458461,0.0,0.0385693,0.0584031,-0.0196049,0.1134561,-0.0229073,0.0368163,0.0286821,0.0161568,0.0422506,0.0691768,0.0716589,0.0654352,-0.0509169,-0.0744316,0.0039819,0.0655428,0.0413256,0.0868265,0.026634,0.0652361,-0.0042769,0.0181288,-0.0320484,0.0440318,0.0788053,0.0083392,-0.0312092,0.0248998,0.0843897,0.0014063,0.04811,-0.0176737,-0.0802161,-0.0506479,0.0155726,0.0199262,0.0106869,-0.0639923,0.036503,-0.0433937,-0.0424195,-0.0185118,0.0916399,0.0297769,-0.0121033,0.0072579,0.0788059,-0.0045935,0.0998417,0.1337458,-0.0107594,-0.0920002,-0.0525039,0.0305208,0.055166,0.0549291,0.0418891,0.0451284,-0.0194883,-0.0103948,0.0508313,-0.0275205,-0.0603604,0.0161984,0.0154437,-0.0189654,-0.0063406,0.0091683,0.1506369,-0.0803744,-0.0616274,-0.0234993,0.0414882,0.0255557,0.0375194,-0.0812119,0.0147348,-0.0755685,0.0158571,0.1090289,-0.0156796,0.0283064,0.027574,0.0004318,0.1044596,-0.0460317,0.0287147,-0.0466773,0.0392612,0.0518548,-0.0129752,0.033423,-0.0423345,0.1440233,-0.0004355,-0.0,0.0730141,0.0106734,-0.0527394,0.0293713,0.0525517,0.0118663,-0.0245407,0.1084631,-0.0293195,-0.0905033,-0.0711977,-0.0154348,-0.0531308,0.0242636,-0.1306618,0.0175928,-0.0436705,-0.0464373,-0.0434927,0.0013735,-0.0020173,0.0314792,-0.0377964,0.0587017,0.0430051,-0.0230319,-0.0249389,0.0015705,-0.0092513,0.0501209,0.040767,-0.0622043,-0.0035767,0.0459464,-0.0849593,-0.0542894,0.0354983,-0.0560256,0.0037257,0.1095231,0.0385146,-0.0374053,0.0766161,-0.0418237,0.0177423,-0.0305905,-0.0033475,-0.0213286,0.0181278,-0.0473564,-0.0142586,-0.0314765,-0.0801962,-0.0195806,0.0869378,-0.0387911,0.0681859,-0.0481588,-0.0012443,-0.016454,0.109404,0.0349387,0.0147402,0.0898771,-0.01013,-0.0371076,0.0185566,0.0090014,-0.0951831,0.0042699,0.0508243,0.0006629,0.0007323,-0.0309949,-0.0807307,-0.0148035,-0.0118396,-0.0673358,-0.0028952,-0.0039016,-0.1419569,-0.0301682,-0.0024392,0.0306075,-0.0275127,0.0908016,0.070081,-0.0720772,0.0555276,-0.0682704,0.0328506,-0.0430547,0.0074491,0.0039042,-0.0324566,-0.0,-0.0359611,0.0251456,-0.0444452,-0.003483,0.0327076,0.0174262,-0.0169774,-0.0438794,0.0746721,0.0178167,-0.0316684,-0.035432,-0.0421506,-0.0896909,0.118093,-0.0362896,-0.002037,0.079937,0.0169052,0.0124751,0.0529236,-0.0035233,-0.1030272,-0.044211,-0.088795,-0.0428429,-0.0443464,0.0469294,-0.0252197,0.0249383,0.0144615,0.0453983,0.0119086,-0.030638,0.0340916,0.0006078,0.0057398,-0.0555917,-0.0313687,0.0799403,-0.034789,0.0296431,0.0215414,0.0105124,0.0494895,0.0844189,-0.0139378,0.0798159,0.0285812,-0.0043808,0.0637218,-0.0022872,-0.0376649,-0.0942866,0.015493,0.0608058,0.0823407,-0.0533627,-0.0668949,-0.0127319,0.0250142,-0.0353782,-0.0500148,0.045089]"
422207,Customer Contact Centre Information Clerk,25,sentence-transformers/all-MiniLM-L6-v2,"[-0.0112692,0.0026161,0.0444988,0.0347931,-0.131978,-0.0002819,-0.0733744,0.0154053,-0.1190184,-0.0285872,0.0010018,-0.0798002,-0.0031027,0.0110646,-0.0635495,-0.0141673,0.0616904,-0.0751469,0.0281211,-0.0591401,0.0276076,0.0033164,0.0090779,-0.0277032,-0.0668433,-0.0158217,0.032271,-0.0489843,-0.0240407,-0.0349507,0.0271686,0.0171608,0.0982901,0.0629492,0.0651931,0.1058868,0.0474415,0.0341293,0.0289039,-0.0207088,-0.0310627,-0.0900543,-0.0625711,-0.0539233,0.04508,-0.057023,-0.0051124,-0.0858005,-0.028472,0.0149368,-0.0700561,-0.0833164,0.054049,-0.0274896,-0.0061828,0.02876,-0.0577933,0.0377015,-0.0371584,0.0251535,-0.0783367,0.07951,-0.0703214,0.033123,-0.0072433,-0.0414493,-0.0341607,0.0719104,0.017528,-0.0629894,0.0163786,-0.0295436,-0.0981176,0.0530887,0.0473336,-0.0485252,0.0346789,0.002866,0.0576382,-0.0905523,-0.0129816,0.0015185,-0.0228158,0.0687717,-0.0965318,-0.0282425,-0.0363281,0.0347506,-0.0043695,-0.0134181,0.0610225,-0.0824677,0.0024398,0.0058064,0.0149419,0.003219,-0.0565249,-0.016172,0.0293543,0.0273541,-0.0085343,-0.0379978,-0.0369143,0.044492,-0.1098618,0.0529695,0.0005336,0.0415012,-0.0272085,-0.0048605,-0.0156085,0.0129605,-0.1103345,-0.0442585,0.0365624,0.0836533,-0.0729502,0.0057395,0.0938694,-0.0144357,0.0325903,0.0702938,-0.0426765,-0.0617582,-0.0679351,-0.0096473,0.0539443,0.0,0.0136305,0.0530494,-0.0140412,0.1369605,0.0093887,0.0381172,0.0268763,0.0374718,0.0289466,0.0763045,0.076802,0.0679815,-0.0533082,-0.0731121,0.0283235,0.0573757,0.0221043,0.0568163,0.0324885,0.040965,-0.0427809,-0.0190165,-0.015771,0.0666324,0.0836646,0.0152568,-0.0134741,0.0197525,0.1027663,-0.0040025,0.0700007,0.0052221,-0.0698647,-0.0549802,-0.0011757,0.029261,-0.0007905,-0.0773766,0.0260105,-0.0501236,-0.0544517,-0.0141299,0.0617401,0.0230922,-0.0182156,0.0147548,0.0610198,-0.0038217,0.0968552,0.1285248,-0.0362134,-0.0658899,-0.0536053,0.0238526,0.0427095,0.044235,0.0374772,0.0301931,0.0002002,-0.0255367,0.0439676,-0.0009932,-0.0658271,0.0425551,0.0065999,-0.0167354,0.0052679,-0.0106707,0.1580016,-0.074776,-0.0628584,-0.0147395,0.0586561,0.0067406,0.0304062,-0.0457092,-0.0328005,-0.0509192,0.0122043,0.1310687,-0.0044814,0.0300445,0.0213627,0.0047365,0.1106576,-0.0420524,0.036708,-0.062493,0.0309928,0.0719801,-0.0297377,0.047113,-0.0674118,0.1602009,-0.0027641,-0.0,0.0681674,0.0100734,-0.0475578,0.0371475,0.060007,-0.002842,-0.0155533,0.0702744,-0.0198988,-0.0550941,-0.0793266,0.0154853,-0.0542738,0.0128012,-0.1081718,0.035722,-0.0520989,-0.030792,-0.0629591,0.0053729,0.0063947,0.0523515,-0.0500533,0.0547041,-0.003028,0.018555,0.0020728,0.0149025,-0.012306,0.0309747,0.0147995,-0.0750163,-0.0117894,0.0415478,-0.0898627,-0.0492316,0.044541,-0.033178,0.0051082,0.0968486,0.0598291,-0.0376497,0.0572942,-0.036182,0.0013601,-0.0525292,0.0177899,-0.0241013,0.0483804,-0.0522111,-0.0193784,-0.0173301,-0.0533575,-0.0096906,0.0623977,-0.0038322,0.0519693,-0.057708,-0.0149476,-0.0059307,0.1023158,0.0429531,0.0409577,0.0870558,0.0007363,-0.0388344,0.0231349,0.0013896,-0.0678606,-0.0260226,0.0558591,0.0020902,0.0191245,-0.0401249,-0.0819223,-0.0146838,-0.0249532,-0.0382167,-0.0157804,-0.0027592,-0.1076645,-0.0469577,0.009279,0.0718163,-0.014853,0.0725896,0.0635418,-0.0761127,0.0843819,-0.0662299,0.015974,-0.0172911,-0.0114737,0.0018093,-0.0304587,-0.0,-0.0571789,0.010227,-0.0365693,-0.0056866,0.0219628,-0.0095684,-0.0183808,-0.0316376,0.0569334,0.038835,-0.0503727,-0.0357859,-0.0552269,-0.0549407,0.1187747,-0.050945,0.0018468,0.1008701,0.0060626,0.0130472,0.0742763,-0.0109409,-0.0514617,-0.0301281,-0.1165784,-0.0656835,-0.0508216,0.0301527,-0.0171074,0.0306188,0.0027044,0.0742383,0.0312651,-0.0469818,0.0237599,-0.0258032,0.0017335,-0.0493734,-0.0619073,0.051989,-0.0631821,0.0132391,-0.0001241,0.0170015,0.0555637,0.0695141,-0.039239,0.0762507,0.043203,0.008646,0.0364485,0.0152098,-0.0030352,-0.0787887,0.0150609,0.0525203,0.0889536,-0.0512411,-0.0499695,0.0151306,0.0327,-0.0467682,-0.0540686,0.0290834]"
431110,Account and Promotion Clerk,51,sentence-transformers/all-MiniLM-L6-v2,"[-0.0101144,1.59e-05,0.0314132,0.0354739,-0.1162588,0.0039824,-0.1211611,0.0079314,-0.1211088,-0.010419,-0.0081174,-0.0733297,0.0152181,-0.003744,-0.0419093,-0.0121888,0.0468525,-0.0641783,0.0228,-0.0532507,0.0330099,0.0128122,0.0095522,-0.0374528,-0.0659648,-0.0089942,0.0419619,-0.0540238,-0.0403129,-0.0250285,0.0223309,-0.0014107,0.0817742,0.085324,0.0838877,0.0929027,0.036824,0.0307341,0.0289106,-0.0266754,-0.0307122,-0.0895008,-0.0689574,-0.0375844,0.0372106,-0.0561316,-0.0031736,-0.0689948,-0.0274887,0.0128192,-0.0505303,-0.0665308,0.0426531,-0.0058653,-0.025854,0.043717,-0.0496167,0.0362839,-0.062612,0.0165164,-0.0632856,0.0636142,-0.069129,0.0267775,-0.025106,-0.0427563,-0.0498344,0.0632501,0.02247,-0.0542517,0.0290856,-0.0211271,-0.1060545,0.0601312,0.0581327,-0.0585958,0.0441155,0.0187675,0.0560672,-0.0945931,-0.0090999,0.0009816,-0.0347432,0.0753011,-0.0981291,-0.0363728,-0.0521339,0.0303721,-0.0059215,0.0146505,0.0585964,-0.0872119,0.0056786,0.0041135,0.0016513,0.007227,-0.0354822,-0.011431,0.0468725,0.0236134,-0.0286604,-0.034961,-0.0342721,0.0472196,-0.1256112,0.0668965,-0.0044918,0.0463099,-0.0447912,-0.0087543,-0.0062716,0.0019397,-0.1077665,-0.012855,0.0321491,0.087364,-0.0773005,0.0285247,0.0915266,0.004638,0.0332274,0.0919954,-0.0443645,-0.067266,-0.0822103,-0.0219176,0.035998,0.0,0.027047,0.0639893,-0.028465,0.1172739,0.0068308,0.0346485,0.0188614,0.0340819,0.0278452,0.0818199,0.0863511,0.0568526,-0.0528202,-0.0797505,0.0344492,0.0731745,0.0239017,0.0689473,0.0258087,0.0438471,-0.0300383,0.0015686,-0.0301801,0.0564869,0.0732192,0.0050672,-0.0324928,0.0299224,0.0979602,-0.0009047,0.0681251,-0.0022369,-0.0762405,-0.0360187,0.0132187,0.0210813,-0.0031606,-0.0970485,0.0309382,-0.051238,-0.0704157,-2.39e-05,0.0768999,0.0234168,-0.0162143,0.0159849,0.0756884,0.0052257,0.1218453,0.1275862,-0.0119548,-0.0696663,-0.0449097,0.0188997,0.041205,0.0512232,0.0469174,0.0178319,-0.0134746,-0.0217585,0.0507411,-0.0157249,-0.0483199,0.0198014,-0.0098891,-0.0100656,0.0131483,-0.0046196,0.161695,-0.0819133,-0.0687834,-0.0145198,0.0370169,0.02086,0.0303079,-0.0568106,-0.0041477,-0.0541156,0.0225997,0.1109705,-0.0219478,0.0333894,0.0214483,0.0083737,0.1115261,-0.013404,0.0388966,-0.0512877,0.0451587,0.0599556,-0.0174009,0.0367478,-0.0775295,0.1478029,-0.0072035,-0.0,0.0719227,-0.0075961,-0.0628731,0.0377652,0.0524572,0.008639,-0.040133,0.0849955,-0.0138693,-0.0832169,-0.0907888,0.0096056,-0.0436137,0.0148719,-0.1180161,0.0184925,-0.0287213,-0.0403132,-0.0647041,0.0078896,0.0066901,0.0300499,-0.0294853,0.0542151,0.0160789,-0.0135657,-0.0107781,0.0139886,-0.0125011,0.0404326,0.0377292,-0.0616076,-0.0244884,0.027949,-0.0836037,-0.0543298,0.0396854,-0.041836,0.002242,0.0952382,0.0498907,-0.0389505,0.0637728,-0.0208413,0.009223,-0.0399513,0.0109258,-0.0111114,0.0416126,-0.0555664,-0.0220932,-0.0241505,-0.050621,-0.0155239,0.0809767,-0.0115569,0.0516793,-0.0549809,-0.0108128,-0.0069296,0.1053186,0.0513306,0.036257,0.0793524,-0.0107806,-0.0438025,0.0238537,0.0049699,-0.0885153,-0.0118586,0.0565965,-0.0045127,-0.0035811,-0.0195348,-0.1094398,-0.0347507,-0.0274312,-0.0460091,-0.0039922,0.0109388,-0.1283263,-0.0143968,-0.0015462,0.0640077,-0.0166554,0.0717115,0.063858,-0.0678529,0.0798045,-0.0708383,0.0234618,-0.0225127,-0.0094012,0.002978,-0.042133,-0.0,-0.0343524,0.0254022,-0.0487311,0.0092247,0.0229885,0.0122862,-0.0023235,-0.0287075,0.0657274,0.0197853,-0.0412179,-0.045774,-0.0438568,-0.062275,0.1101645,-0.0347409,0.0115277,0.0894205,0.0064314,0.0074325,0.0605568,-0.0116162,-0.0695947,-0.0219395,-0.0797297,-0.0506643,-0.05115,0.0150276,-0.0239628,0.0271078,-0.0053642,0.0519903,0.022194,-0.0477276,0.0331485,-0.0084089,0.0189555,-0.04951,-0.0442893,0.0573384,-0.05216,0.0204353,0.0087206,0.019531,0.0613934,0.0759079,-0.0313537,0.084524,0.0355659,-0.0005002,0.0388065,-0.0009413,-0.0261521,-0.0782328,0.0185774,0.0482056,0.077137,-0.0503253,-0.0433369,0.0083356,0.0324265,-0.0453614,-0.0533449,0.0355631]"
431118,Billing Clerk,29,sentence-transformers/all-MiniLM-L6-v2,"[-0.0104615,0.0193293,0.0235678,0.0560342,-0.1192565,-0.0159466,-0.0894329,0.018481,-0.0957229,0.0018826,-0.0022748,-0.0937336,0.0088724,-0.0094385,-0.0509067,0.0047503,0.0267465,-0.0738732,0.0283937,-0.0509675,0.0387161,0.0035345,0.021656,-0.0475825,-0.0337535,-0.0127082,0.0348479,-0.0569822,-0.0390043,-0.0311922,0.0110519,-0.0222189,0.0718567,0.0637434,0.0958321,0.0927086,0.0286859,0.05019,0.0375962,-0.0415996,-0.0379593,-0.0806074,-0.0546678,-0.0648527,0.0256968,-0.0660217,0.0211115,-0.067811,-0.0380059,0.0068471,-0.0347875,-0.0606116,0.0434441,-0.0055707,-0.0157478,0.0375161,-0.0395,0.0389745,-0.054738,0.0058694,-0.0754455,0.0666275,-0.0762604,0.0302206,-0.0170881,-0.0416925,-0.0294491,0.0664164,0.0075532,-0.0523889,0.0248039,-0.0306014,-0.1116146,0.0566813,0.0663506,-0.0665564,0.0394557,0.0367011,0.0618761,-0.098681,-0.0131654,0.0250567,-0.0393834,0.0568099,-0.0878351,-0.0257005,-0.0397437,0.0291227,0.018678,0.0063774,0.0740928,-0.0886886,0.0388941,0.0202,0.0049801,-0.001483,-0.026605,0.0022752,0.050566,0.0168852,-0.005228,-0.0302257,-0.0359582,0.0486801,-0.1170314,0.0567869,0.0228134,0.0203139,-0.040383,-0.0180131,-0.0159354,0.0115934,-0.1139547,-0.0095134,0.0507214,0.0935922,-0.0806382,0.0243535,0.0944113,0.0007544,0.0224867,0.0729831,-0.0364891,-0.0667159,-0.0530286,-0.016632,0.0368092,0.0,0.0378786,0.0782626,-0.0366119,0.1025562,-0.004646,0.0329145,0.0187428,0.0490174,0.0229799,0.0842382,0.0731304,0.0736066,-0.0682825,-0.0717808,0.0195773,0.067527,0.0319194,0.0797931,0.0426888,0.0433895,-0.0202071,-0.0143347,0.0022823,0.0423042,0.0846383,0.0019352,-0.0452106,0.0252489,0.0837072,0.001075,0.0631984,-0.0200776,-0.075439,-0.0362333,0.0075029,0.0140382,-0.0041967,-0.0647915,0.0338113,-0.0413654,-0.0526063,-0.0048012,0.0734532,0.0189035,-0.0189553,0.0134171,0.0627208,0.0082725,0.1111898,0.1379676,-0.0124979,-0.0908734,-0.0579524,0.0188907,0.0506891,0.0618814,0.0482127,0.0117545,-0.0162055,-0.0385742,0.0562518,-0.019858,-0.0663502,0.0109968,-0.0175788,0.0094328,-0.0001712,0.0180157,0.14357,-0.0966605,-0.0685802,-0.035465,0.0375794,0.0331136,0.0451911,-0.0716033,-0.0084247,-0.0572188,0.0290982,0.1199446,-0.0265623,0.025963,0.0179824,0.0005122,0.0934406,-0.0297502,0.028885,-0.0640898,0.04662,0.0395475,-0.0185182,0.0341344,-0.0561006,0.1344537,-0.0055247,-0.0,0.0750584,-0.0140623,-0.0527626,0.0219371,0.0391918,0.0067511,-0.0190855,0.0759008,-0.0054492,-0.0880706,-0.0997317,-0.0088242,-0.0422043,0.0134581,-0.1057644,-0.0060999,-0.0378845,-0.0440614,-0.0405859,0.0056814,0.0046192,0.0196895,-0.0076273,0.0478432,0.0240333,-0.0279104,-0.0152068,-0.0063627,0.000314,0.054671,0.0375182,-0.0487704,-0.0132358,0.0481214,-0.0987621,-0.0849591,0.0357586,-0.0445548,-0.0018435,0.1001847,0.0478896,-0.0337291,0.0782332,-0.0323604,0.0120082,-0.0503373,0.0044345,-0.007726,0.0365095,-0.0642955,0.0027846,-0.0224827,-0.0535445,-0.0153054,0.058954,-0.0010695,0.081383,-0.0543061,0.0045396,-0.0092349,0.0927558,0.0439299,0.0344936,0.1093354,-0.0204791,-0.0502842,-0.0039274,0.0026272,-0.0983549,-0.0074504,0.0601159,-0.0386368,-0.0039668,-0.043032,-0.0860297,-0.0097338,-0.0416909,-0.0614956,0.0053784,0.0030184,-0.1332259,0.0016932,-0.0003089,0.0492044,-0.0355277,0.063278,0.0555794,-0.101665,0.0813097,-0.0587507,0.0174169,-0.03949,0.0120443,0.0157322,-0.0523684,-0.0,-0.0469854,0.0243647,-0.0252226,0.0073453,0.0266554,0.0052216,-0.0117317,-0.0302258,0.0691671,0.0056695,-0.0284044,-0.032866,-0.0378231,-0.0781809,0.0967307,-0.0379104,0.0118106,0.0867771,0.0163198,0.0121366,0.0598347,-0.0177254,-0.0880349,-0.0418865,-0.079809,-0.0560716,-0.0413379,0.0497742,-0.023566,0.0025179,-0.004758,0.0563868,0.0405175,-0.0391788,0.0343951,0.002569,0.0208819,-0.0451371,-0.0499075,0.0689851,-0.050701,0.0249709,0.0266879,0.0053144,0.0571847,0.0804361,-0.0274201,0.0771431,0.0521438,-0.0045078,0.0613181,-0.0088868,-0.0150507,-0.0743799,0.0259752,0.0553457,0.0708228,-0.0367449,-0.0527889,-0.0069881,0.0541766,-0.0427606,-0.0468045,0.0358292]"
