"role_id","masco2020_title","current_database_release_title","action"
"M121104","Budget Manager","Insurance Manager","Do not append/overwrite by role_id; version-aware migration or a separate database is required."
"M121107","Credit Manager","Tax Manager","Do not append/overwrite by role_id; version-aware migration or a separate database is required."
"M121108","Insurance Manager","Claims Manager","Do not append/overwrite by role_id; version-aware migration or a separate database is required."
"M121109","Fund Manager","Actuarial Valuation Manager","Do not append/overwrite by role_id; version-aware migration or a separate database is required."
"M131102","Forestry Manager","Agricultural Manager","Do not append/overwrite by role_id; version-aware migration or a separate database is required."
"M132102","Production and Operation Manager, Manufacturing","Electrical Manager","Do not append/overwrite by role_id; version-aware migration or a separate database is required."
"M132104","Electrical Manager","Production Manager (Manufacturing)","Do not append/overwrite by role_id; version-aware migration or a separate database is required."
"M132105","Energy Manager","Ship Hull Manager","Do not append/overwrite by role_id; version-aware migration or a separate database is required."
"M132108","Ship Hull Manager","Oil Mill Manager","Do not append/overwrite by role_id; version-aware migration or a separate database is required."
"M132109","Mechanical Manager","Manager (Halal Food Manufacturing)","Do not append/overwrite by role_id; version-aware migration or a separate database is required."
"M132111","Oil Mill Manager","Power Generation Plant Manager","Do not append/overwrite by role_id; version-aware migration or a separate database is required."
"M132203","Production and Operation Manager, Oil and Gas Extraction","Offshore Installation Manager","Do not append/overwrite by role_id; version-aware migration or a separate database is required."
"M132405","Logistics Manager","Halal Logistics Operation Manager","Do not append/overwrite by role_id; version-aware migration or a separate database is required."
"M151101","Chief Information Officer","Chief Information Officer/Chief Data Officer/Chief Information Security Officer","Do not append/overwrite by role_id; version-aware migration or a separate database is required."
"M151102","Chief data officer","Information Systems Manager","Do not append/overwrite by role_id; version-aware migration or a separate database is required."
"M151103","Chief Information Security Officer","Village Community Center Manager (Information Technology)","Do not append/overwrite by role_id; version-aware migration or a separate database is required."
"M151106","Information Systems Manager","Audio Visual Manager","Do not append/overwrite by role_id; version-aware migration or a separate database is required."
"M151108","Village Community Center Manager","Information Technology Programme Manager","Do not append/overwrite by role_id; version-aware migration or a separate database is required."
"M151112","Application Development Manager","Information Technology Business Development Manager","Do not append/overwrite by role_id; version-aware migration or a separate database is required."
"M151113","Data Operations Manager","Software and Applications Manager","Do not append/overwrite by role_id; version-aware migration or a separate database is required."
"M161202","Director, Nursing","Health Educator","Do not append/overwrite by role_id; version-aware migration or a separate database is required."
"M211201","Meteorological Officer Grade C41","Meteorologist","Do not append/overwrite by role_id; version-aware migration or a separate database is required."
"M211202","Meteorologist","Meteorologist (Environmental)","Do not append/overwrite by role_id; version-aware migration or a separate database is required."
"M211402","Geologist","Hydrologist","Do not append/overwrite by role_id; version-aware migration or a separate database is required."
"M212101","Statistician Grade E41","Mathematician","Do not append/overwrite by role_id; version-aware migration or a separate database is required."
"M212102","Mathematician","Statistician","Do not append/overwrite by role_id; version-aware migration or a separate database is required."
"M213101","Wildlife Officer Grade G41","Microbiologist","Do not append/overwrite by role_id; version-aware migration or a separate database is required."
"M213103","Microbiologist","Biologist","Do not append/overwrite by role_id; version-aware migration or a separate database is required."
"M213104","Serologist","Cytologist","Do not append/overwrite by role_id; version-aware migration or a separate database is required."
"M213202","Conservator of Forests Grade G41","Farm Demonstrator","Do not append/overwrite by role_id; version-aware migration or a separate database is required."
"M213203","Agricultural Officer Grade G41","Forestry Officer","Do not append/overwrite by role_id; version-aware migration or a separate database is required."
"M213204","Land Planning Officer Grade G41","Aquaculture Executive","Do not append/overwrite by role_id; version-aware migration or a separate database is required."
"M213301","Environmental Control Officer Grade C41","Agronomist","Do not append/overwrite by role_id; version-aware migration or a separate database is required."
"M213302","Agronomist","Agricultural Scientist","Do not append/overwrite by role_id; version-aware migration or a separate database is required."
"M213304","Agricultural Scientist","Horticulturist/Arborist","Do not append/overwrite by role_id; version-aware migration or a separate database is required."
"M213305","Floriculturist","Wood Analyst","Do not append/overwrite by role_id; version-aware migration or a separate database is required."
"M213306","Horticulturist","Animal Scientist","Do not append/overwrite by role_id; version-aware migration or a separate database is required."
"M213402","Biochemist","Endocrinologist","Do not append/overwrite by role_id; version-aware migration or a separate database is required."
"M214106","Communication Analyst","Systems Design Engineer (except Computers)","Do not append/overwrite by role_id; version-aware migration or a separate database is required."
"M214110","Systems Engineer (Except Computers)","Photonic Engineer","Do not append/overwrite by role_id; version-aware migration or a separate database is required."
"M214111","Systems Design Engineer (Except Computers)","Scada Engineer","Do not append/overwrite by role_id; version-aware migration or a separate database is required."
"M214115","Cost Evaluation Engineer","Energy Auditor","Do not append/overwrite by role_id; version-aware migration or a separate database is required."
"M214202","Engineer Grade J41","Civil Engineer","Do not append/overwrite by role_id; version-aware migration or a separate database is required."
"M214206","Civil Engineering Technologist","Engineer Grade J9","Do not append/overwrite by role_id; version-aware migration or a separate database is required."
"M214207","Civil Engineer","Quantity Surveyor Grade J9/J10","Do not append/overwrite by role_id; version-aware migration or a separate database is required."
"M214402","Mechanical Engineer","Lift Engineer","Do not append/overwrite by role_id; version-aware migration or a separate database is required."
"M214404","Lift Engineer","Welding Engineer","Do not append/overwrite by role_id; version-aware migration or a separate database is required."
"M214606","Petroleum Mining Engineer","Hydraulics Engineer","Do not append/overwrite by role_id; version-aware migration or a separate database is required."
"M214609","Metallurgist","Pipe Stress Engineer","Do not append/overwrite by role_id; version-aware migration or a separate database is required."
"M214907","Industrial Health and Safety Engineer","Biomedical Engineer","Do not append/overwrite by role_id; version-aware migration or a separate database is required."
"M214913","Field Service Engineer","Factories and Machinery Inspector Grade J9","Do not append/overwrite by role_id; version-aware migration or a separate database is required."
"M215102","Electrical Engineer","Electrical Energy Auditor","Do not append/overwrite by role_id; version-aware migration or a separate database is required."
"M215202","Electronics Engineer","Integrated Circuit (IC) Package Assembly Process Engineer","Do not append/overwrite by role_id; version-aware migration or a separate database is required."
"M216101","Architect Grade J41","Architect","Do not append/overwrite by role_id; version-aware migration or a separate database is required."
"M216102","Architect","Architect Grade J9/J10","Do not append/overwrite by role_id; version-aware migration or a separate database is required."
"M216201","Landscape Architect Grade J41","Landscape Architect","Do not append/overwrite by role_id; version-aware migration or a separate database is required."
"M216202","Landscape Architect","Landscape Architect Grade J9","Do not append/overwrite by role_id; version-aware migration or a separate database is required."
"M216401","Urban and Rural Planning Officer Grade J41","Town Planner","Do not append/overwrite by role_id; version-aware migration or a separate database is required."
"M216402","Town Planner","Traffic Engineer","Do not append/overwrite by role_id; version-aware migration or a separate database is required."
"M216404","Traffic Engineer","Urban and Rural Planning Officer Grade J9","Do not append/overwrite by role_id; version-aware migration or a separate database is required."
"M216501","Geospatialist Grade J41","Cartographer","Do not append/overwrite by role_id; version-aware migration or a separate database is required."
"M216502","Surveyor Grade J41","Surveyor","Do not append/overwrite by role_id; version-aware migration or a separate database is required."
"M216503","Cartographer","Geospatialist Grade J9","Do not append/overwrite by role_id; version-aware migration or a separate database is required."
"M217102","Marine Engineer","Naval Architect","Do not append/overwrite by role_id; version-aware migration or a separate database is required."
"M217201","Marine Officer Grade AL41","Hovercraft Pilot","Do not append/overwrite by role_id; version-aware migration or a separate database is required."
"M217203","Hovercraft Pilot","Ship Navigator","Do not append/overwrite by role_id; version-aware migration or a separate database is required."
"M217205","Port Captain","Shipping Executive","Do not append/overwrite by role_id; version-aware migration or a separate database is required."
"M217301","Pilot/ Pilot Examiner Grade AT41","Pilot","Do not append/overwrite by role_id; version-aware migration or a separate database is required."
"M217302","Aircraft Examiner Grade AT41","Flight Instructor","Do not append/overwrite by role_id; version-aware migration or a separate database is required."
"M217303","Pilot","Aircraft Design Engineer","Do not append/overwrite by role_id; version-aware migration or a separate database is required."
"M217310","Aircraft Design Engineer","Pilot/Pilot Examiner Grade AT10","Do not append/overwrite by role_id; version-aware migration or a separate database is required."
"M217311","Aeronautical Engineer","Pilot/Pilot Examiner Grade AT12","Do not append/overwrite by role_id; version-aware migration or a separate database is required."
"M217312","Pilot/Pilot Examiner Grade AT43","Pilot/Pilot Examiner Grade AT13","Do not append/overwrite by role_id; version-aware migration or a separate database is required."
"M217313","Pilot/Pilot Examiner Grade AT47","Pilot/Pilot Examiner Grade AT14 (Flight Operation Director)","Do not append/overwrite by role_id; version-aware migration or a separate database is required."
"M217401","Air Traffic Control Officer Grade A41","Air Traffic Controller","Do not append/overwrite by role_id; version-aware migration or a separate database is required."
"M217402","Air Traffic Controller","Operation Centre Controller","Do not append/overwrite by role_id; version-aware migration or a separate database is required."
"M218101","Mining Excecutive","Mining Executive","Do not append/overwrite by role_id; version-aware migration or a separate database is required."
"M218207","Store Executive","Product Development Executive","Do not append/overwrite by role_id; version-aware migration or a separate database is required."
"M221101","Medical Officer Grade UD41","Medical Doctor","Do not append/overwrite by role_id; version-aware migration or a separate database is required."
"M221102","Medical Doctor","Medical Doctor (Gynaecology)","Do not append/overwrite by role_id; version-aware migration or a separate database is required."
"M221107","Medical Doctor, Gynaecology","Medical Doctor (Radiology)","Do not append/overwrite by role_id; version-aware migration or a separate database is required."
"M221108","Medical Doctor, Cardiology","Medical Doctor (Skin)","Do not append/overwrite by role_id; version-aware migration or a separate database is required."
"M221111","Medical Doctor, Ophthalmology","Medical Officer Grade UD9, UD10","Do not append/overwrite by role_id; version-aware migration or a separate database is required."
"M221204","Anaesthetist","Psychiatrist","Do not append/overwrite by role_id; version-aware migration or a separate database is required."
"M221206","Medical Oncologist","Cardiologist","Do not append/overwrite by role_id; version-aware migration or a separate database is required."
"M221208","Psychiatrist","Obstetrician and Gynaecologist","Do not append/overwrite by role_id; version-aware migration or a separate database is required."
"M221209","Ophthalmologist","Surgeon","Do not append/overwrite by role_id; version-aware migration or a separate database is required."
"M221210","Cardiologist","Dermatologist","Do not append/overwrite by role_id; version-aware migration or a separate database is required."
"M221211","Neurologist","Orthopaedist","Do not append/overwrite by role_id; version-aware migration or a separate database is required."
"M221213","Obstetrician and Gynaecologist","Physician","Do not append/overwrite by role_id; version-aware migration or a separate database is required."
"M221217","Surgeon","Occupational Therapist","Do not append/overwrite by role_id; version-aware migration or a separate database is required."
"M222101","Nurse Grade U41","Professional Nurse","Do not append/overwrite by role_id; version-aware migration or a separate database is required."
"M222102","Professional Nurse","Specialist Nurse","Do not append/overwrite by role_id; version-aware migration or a separate database is required."
"M225101","Veterinary Officer Grade GV41","Veterinarian","Do not append/overwrite by role_id; version-aware migration or a separate database is required."
"M225102","Veterinarian","Veterinary Officer Grade GV9","Do not append/overwrite by role_id; version-aware migration or a separate database is required."
"M226101","Dental Officer Grade UG41","Dentist","Do not append/overwrite by role_id; version-aware migration or a separate database is required."
"M226102","Dentist","Dental Officer Grade UG9","Do not append/overwrite by role_id; version-aware migration or a separate database is required."
"M226201","Pharmacist Grade UF41","Pharmacist","Do not append/overwrite by role_id; version-aware migration or a separate database is required."
"M226202","Pharmacist","Pharmacist Grade UF9","Do not append/overwrite by role_id; version-aware migration or a separate database is required."
"M226301","Environmental Health Officer Grade U41","Occupational Safety and Health Adviser","Do not append/overwrite by role_id; version-aware migration or a separate database is required."
"M226401","Medical Rehabilitation Officer Grade U41","Orthopaedic Physical Therapist","Do not append/overwrite by role_id; version-aware migration or a separate database is required."
"M226501","Dietetics Officer Grade U41","Dietitian","Do not append/overwrite by role_id; version-aware migration or a separate database is required."
"M226502","Dietician","Dietetics Officer Grade U9","Do not append/overwrite by role_id; version-aware migration or a separate database is required."
"M226601","Audiologists","Audiologist","Do not append/overwrite by role_id; version-aware migration or a separate database is required."
"M226701","Optometry Officer Grade U41","Optometrist","Do not append/overwrite by role_id; version-aware migration or a separate database is required."
"M226702","Optometrist","Optometry Officer Grade U9","Do not append/overwrite by role_id; version-aware migration or a separate database is required."
"M226902","Instructor Grade U41","Radiographer Grade U9","Do not append/overwrite by role_id; version-aware migration or a separate database is required."
"M238101","Vocational Training Officer Grade DV41","Skills Training Trainer","Do not append/overwrite by role_id; version-aware migration or a separate database is required."
"M238102","Skills Training Trainer","Vocational Training Officer Grade DV9","Do not append/overwrite by role_id; version-aware migration or a separate database is required."
"M238103","Assistant Vocational Training Officer Grade DV29","Vocational Training Officer Grade DV10","Do not append/overwrite by role_id; version-aware migration or a separate database is required."
"M238106","Assistant Vocational Training Officer Grade DV35","Vocational Training Officer Grade DV14","Do not append/overwrite by role_id; version-aware migration or a separate database is required."
"M238107","Assistant Vocational Training Officer Grade DV37","Assistant Vocational Training Officer Grade DV5, DV6, DV7, DV8","Do not append/overwrite by role_id; version-aware migration or a separate database is required."
"M242601","Research Officer Grade Q41","Agro-Based Biotech Food Researcher","Do not append/overwrite by role_id; version-aware migration or a separate database is required."
"M242602","Scientific Officer Grade C41","Aquaculture Biotech Researcher","Do not append/overwrite by role_id; version-aware migration or a separate database is required."
"M242603","Agro-Based Biotech Food Researcher","Research and Development Executive","Do not append/overwrite by role_id; version-aware migration or a separate database is required."
"M242604","Aquaculture Biotech Researcher","Research Officer","Do not append/overwrite by role_id; version-aware migration or a separate database is required."
"M251902","Systems Tester","Information Technology Auditor","Do not append/overwrite by role_id; version-aware migration or a separate database is required."
"M252201","Information Technology Officer Grade F41","Information Systems Officer","Do not append/overwrite by role_id; version-aware migration or a separate database is required."
"M252205","Information System Officer","Cloud Computing Solution Architect","Do not append/overwrite by role_id; version-aware migration or a separate database is required."
"M252403","Data Analyst","Data Architect","Do not append/overwrite by role_id; version-aware migration or a separate database is required."
"M253102","Cybersecurity Executive","Digital Forensic Specialist","Do not append/overwrite by role_id; version-aware migration or a separate database is required."
"M253103","Digital Forensic Specialist","Information Security Officer","Do not append/overwrite by role_id; version-aware migration or a separate database is required."
"M254203","QA Tester/Game Tester (Digital)","Game Producer (Digital)","Do not append/overwrite by role_id; version-aware migration or a separate database is required."
"M254204","Game Producer (Digital)","Concept Artist","Do not append/overwrite by role_id; version-aware migration or a separate database is required."
"M254206","3D Artist","Creative, Performing and Media Production Directors","Do not append/overwrite by role_id; version-aware migration or a separate database is required."
"M254302","Graphic Designer","Graphics Designer","Do not append/overwrite by role_id; version-aware migration or a separate database is required."
"M254305","Multimedia Designer","Creative Team Leader","Do not append/overwrite by role_id; version-aware migration or a separate database is required."
"M311101","Laboratory Assistant Grade C19","Geophysics Technician","Do not append/overwrite by role_id; version-aware migration or a separate database is required."
"M311102","Research Assistant Grade Q19","Chemistry Technician","Do not append/overwrite by role_id; version-aware migration or a separate database is required."
"M311105","Geophysics Technician","Chemistry Laboratory Assistant","Do not append/overwrite by role_id; version-aware migration or a separate database is required."
"M311106","Chemistry Technician","Soil Technician","Do not append/overwrite by role_id; version-aware migration or a separate database is required."
"M311107","Physics Science Laboratory Technician","Meteorological Technician","Do not append/overwrite by role_id; version-aware migration or a separate database is required."
"M311108","Physical Science Technician","Geological Technician","Do not append/overwrite by role_id; version-aware migration or a separate database is required."
"M311110","Chemistry Laboratory Assistant","Slope Monitoring Technician","Do not append/overwrite by role_id; version-aware migration or a separate database is required."
"M311112","Soil Technician","Laboratory Technician","Do not append/overwrite by role_id; version-aware migration or a separate database is required."
"M311114","Meteorological Technician","Research Assistant Grade Q1, Q2, Q3, Q4","Do not append/overwrite by role_id; version-aware migration or a separate database is required."
"M311116","Geological Technician","Assistant Science Officer Grade C5","Do not append/overwrite by role_id; version-aware migration or a separate database is required."
"M311202","Civil Engineering Technician","Civil Engineering Estimator","Do not append/overwrite by role_id; version-aware migration or a separate database is required."
"M311204","Civil Engineering Estimator","Civil Engineering Supervisor","Do not append/overwrite by role_id; version-aware migration or a separate database is required."
"M311208","Engineering Designer","Fire Inspector","Do not append/overwrite by role_id; version-aware migration or a separate database is required."
"M311209","Civil Engineering Supervisor","Surveying Technician","Do not append/overwrite by role_id; version-aware migration or a separate database is required."
"M311211","Building Inspector","Process Instrument Technician","Do not append/overwrite by role_id; version-aware migration or a separate database is required."
"M311212","Geotechnical Technician","Assistant Civil Engineer","Do not append/overwrite by role_id; version-aware migration or a separate database is required."
"M311213","Fire Inspector","Operation Technician","Do not append/overwrite by role_id; version-aware migration or a separate database is required."
"M311214","Surveying Technician","Green Building Facilities Maintenance Technician","Do not append/overwrite by role_id; version-aware migration or a separate database is required."
"M311217","Process Instrument Technician","Quantity Surveyor Assistant","Do not append/overwrite by role_id; version-aware migration or a separate database is required."
"M311219","Assistant Engineer Grade JA29","Assistant Engineer Grade JA5","Do not append/overwrite by role_id; version-aware migration or a separate database is required."
"M311307","Electrical and Instrument Supervisor","Debug Technician","Do not append/overwrite by role_id; version-aware migration or a separate database is required."
"M311404","Electronics Design Technician","Semi-Conductor Technician","Do not append/overwrite by role_id; version-aware migration or a separate database is required."
"M311504","Mechanical Engineering Technician","Port Master/Dockmaster","Do not append/overwrite by role_id; version-aware migration or a separate database is required."
"M311515","Mechanical Engineering Estimator","Equipment Technician","Do not append/overwrite by role_id; version-aware migration or a separate database is required."
"M311516","Dockmaster, Dry Dock","Assistant Equipment Engineer","Do not append/overwrite by role_id; version-aware migration or a separate database is required."
"M311517","Dockmaster, Graving Dock","Assistant Welding Engineer","Do not append/overwrite by role_id; version-aware migration or a separate database is required."
"M311521","Hydraulic Hose Technician","Optical Engineering Technician","Do not append/overwrite by role_id; version-aware migration or a separate database is required."
"M311604","Oil Technologist","Chemical Engineering Estimator","Do not append/overwrite by role_id; version-aware migration or a separate database is required."
"M311704","Metallurgical Laboratory Assistant","Associate Field Professional","Do not append/overwrite by role_id; version-aware migration or a separate database is required."
"M311801","Draughtsperson (Architecture) Grade JA19","Draughtsperson","Do not append/overwrite by role_id; version-aware migration or a separate database is required."
"M312203","Finishing Supervisor","Compounding Supervisor","Do not append/overwrite by role_id; version-aware migration or a separate database is required."
"M312205","Compounding Supervisor","Plywood Inspection Supervisor","Do not append/overwrite by role_id; version-aware migration or a separate database is required."
"M312207","Cutting Supervisor","Halal Food Manufacturing Production Supervisor","Do not append/overwrite by role_id; version-aware migration or a separate database is required."
"M312218","Production Supervisor, Halal Food Manufacturing","Quality Assurance Supervisor","Do not append/overwrite by role_id; version-aware migration or a separate database is required."
"M313104","Power Generating Plant Operator","Distribution Control Operator","Do not append/overwrite by role_id; version-aware migration or a separate database is required."
"M314104","Botanical Technician","Artificial Breeding Technician","Do not append/overwrite by role_id; version-aware migration or a separate database is required."
"M314203","Soil Science Technician","Irrigation Technician","Do not append/overwrite by role_id; version-aware migration or a separate database is required."
"M314205","Horticulture Technician","Halal Livestock Production Supervisor","Do not append/overwrite by role_id; version-aware migration or a separate database is required."
"M314304","Assistant Conservator of Forests Grade G29","Assistant Wildlife Officer Grade G5","Do not append/overwrite by role_id; version-aware migration or a separate database is required."
"M314305","Assistant Wildlife Officer Grade G29","Wildlife Assistant Grade G1","Do not append/overwrite by role_id; version-aware migration or a separate database is required."
"M314407","Assistant Fisheries Officer Grade G29","Assistant Fisheries Officer Grade G5","Do not append/overwrite by role_id; version-aware migration or a separate database is required."
"M315103","Aviation Maintenance Technician","Aircraft Restorer","Do not append/overwrite by role_id; version-aware migration or a separate database is required."
"M315107","Aircraft Restorer","Aircraft Examiner Grade A5, A6","Do not append/overwrite by role_id; version-aware migration or a separate database is required."
"M315108","Airframe and Power Plant Technician","Assistant Air Traffic Control Officer Grade A5","Do not append/overwrite by role_id; version-aware migration or a separate database is required."
"M315201","Marine Assistant Grade A19","Berthing Master","Do not append/overwrite by role_id; version-aware migration or a separate database is required."
"M315202","Berthing Master","Ship Technician","Do not append/overwrite by role_id; version-aware migration or a separate database is required."
"M315902","Logistics Supervisor","Green Technology Infrastructure Assistant Facilitator","Do not append/overwrite by role_id; version-aware migration or a separate database is required."
"M321101","Radiographer Grade U29","Radiographer","Do not append/overwrite by role_id; version-aware migration or a separate database is required."
"M321102","Radiographer","Radiographer Grade U5","Do not append/overwrite by role_id; version-aware migration or a separate database is required."
"M321204","Ecology Technician","Physiology Technician","Do not append/overwrite by role_id; version-aware migration or a separate database is required."
"M321207","Histology Technician","Surgical Technician","Do not append/overwrite by role_id; version-aware migration or a separate database is required."
"M321502","Prosthetic Technician","Medical Technician Grade U1","Do not append/overwrite by role_id; version-aware migration or a separate database is required."
"M322101","Nurse Grade U29","Practical Nurse","Do not append/overwrite by role_id; version-aware migration or a separate database is required."
"M324103","Veterinary Biotech Research Technician","Veterinary Biotech Production Technician","Do not append/overwrite by role_id; version-aware migration or a separate database is required."
"M324107","Veterinary Artificial Inseminator","Assistant Veterinary Officer Grade G5","Do not append/overwrite by role_id; version-aware migration or a separate database is required."
"M325101","Dental Surgery Assistant Grade U19","Dental Aide/Assistant","Do not append/overwrite by role_id; version-aware migration or a separate database is required."
"M325302","Community Health Promoter","Village Health Worker","Do not append/overwrite by role_id; version-aware migration or a separate database is required."
"M325606","Radiographist Equipment, Medical, General","Ophthalmic Assistant","Do not append/overwrite by role_id; version-aware migration or a separate database is required."
"M325703","Public Health Unit Inspector","Product Quality Inspector","Do not append/overwrite by role_id; version-aware migration or a separate database is required."
"M325705","Occupational Safety and Health Inspector","Mine Safety Inspector","Do not append/overwrite by role_id; version-aware migration or a separate database is required."
"M325802","Ambulance Officer","Emergency Paramedic","Do not append/overwrite by role_id; version-aware migration or a separate database is required."
"M331401","Assistant Statistics Officer Grade E29","Assistant Statistics Officer Grade E5","Do not append/overwrite by role_id; version-aware migration or a separate database is required."
"M351101","Computer Technician Grade FT19","Computer Technician","Do not append/overwrite by role_id; version-aware migration or a separate database is required."
"M351105","Computer Technician","Engineering Assistant (Telecommunications)","Do not append/overwrite by role_id; version-aware migration or a separate database is required."
"M351203","Information Technology Technician","Computer Assistant","Do not append/overwrite by role_id; version-aware migration or a separate database is required."
"M351206","Computer Assistant","Computer Programming Assistant","Do not append/overwrite by role_id; version-aware migration or a separate database is required."
"M351207","Communications Assistant (ICT)","Call Centre Trainer","Do not append/overwrite by role_id; version-aware migration or a separate database is required."
"M351208","Database Assistant","Data Centre Supervisor","Do not append/overwrite by role_id; version-aware migration or a separate database is required."
"M351209","Computer Programming Assistant","Technical Support Technician","Do not append/overwrite by role_id; version-aware migration or a separate database is required."
"M351402","Web Technician","Creative Assistance","Do not append/overwrite by role_id; version-aware migration or a separate database is required."
"M352101","Audio-Visual Technician Grade N19","Cinematographer","Do not append/overwrite by role_id; version-aware migration or a separate database is required."
"M352102","Cinematographer","Motion Picture Assistant","Do not append/overwrite by role_id; version-aware migration or a separate database is required."
"M352105","Motion Picture Assistant","Broadcast Technician","Do not append/overwrite by role_id; version-aware migration or a separate database is required."
"M352108","Sound Mixer","Videographer","Do not append/overwrite by role_id; version-aware migration or a separate database is required."
"M352111","Ships Radio Officer","Audio-Visual Technician Grade N1, N2, N3, N4","Do not append/overwrite by role_id; version-aware migration or a separate database is required."
"M363201","Designer Grade B19","Interior Designer","Do not append/overwrite by role_id; version-aware migration or a separate database is required."
"M431201","Administrative Assistant (Finance) Grade W19","Statistical Clerk","Do not append/overwrite by role_id; version-aware migration or a separate database is required."
"M431215","Finance Clerk","Actuarial Assistant","Do not append/overwrite by role_id; version-aware migration or a separate database is required."
"M431217","Brokerage Clerk","Leasing Assistant","Do not append/overwrite by role_id; version-aware migration or a separate database is required."
"M431218","Insurance clerk","Administrative Assistant (Finance) Grade W1","Do not append/overwrite by role_id; version-aware migration or a separate database is required."
"M431219","Tax Clerk","Statistical Assistant Grade E1","Do not append/overwrite by role_id; version-aware migration or a separate database is required."
"M818202","Boilerman","Competent Person (CP) - Internal Combustion Engine Driver","Do not append/overwrite by role_id; version-aware migration or a separate database is required."
